sample	read_id	contig	strain_id
T1	T1|strain1|0000099	demo_contig_1	strain1
T1	T1|strain2|0000021	demo_contig_1	strain2
T1	T1|strain2|0000069	demo_contig_1	strain2
T1	T1|strain2|0000169	demo_contig_1	strain2
T1	T1|strain2|0000177	demo_contig_1	strain2
T1	T1|strain2|0000283	demo_contig_1	strain2
T1	T1|strain2|0000316	demo_contig_1	strain2
T1	T1|strain2|0000363	demo_contig_1	strain2
T1	T1|strain2|0000472	demo_contig_1	strain2
T1	T1|strain2|0000481	demo_contig_1	strain2
T1	T1|strain2|0000531	demo_contig_1	strain2
T1	T1|strain2|0000558	demo_contig_1	strain2
T1	T1|strain2|0000591	demo_contig_1	strain2
T1	T1|strain2|0000616	demo_contig_1	strain2
T1	T1|strain2|0000617	demo_contig_1	strain2
T1	T1|strain2|0000630	demo_contig_1	strain2
T1	T1|strain2|0000700	demo_contig_1	strain2
T1	T1|strain2|0000710	demo_contig_1	strain2
T1	T1|strain2|0000728	demo_contig_1	strain2
T1	T1|strain2|0000772	demo_contig_1	strain2
T1	T1|strain2|0000799	demo_contig_1	strain2
T1	T1|strain2|0001046	demo_contig_1	strain2
T1	T1|strain2|0001132	demo_contig_1	strain2
T1	T1|strain2|0001216	demo_contig_1	strain2
T1	T1|strain2|0001221	demo_contig_1	strain2
T1	T1|strain2|0001229	demo_contig_1	strain2
T1	T1|strain2|0001244	demo_contig_1	strain2
T1	T1|strain2|0001252	demo_contig_1	strain2
T1	T1|strain2|0001438	demo_contig_1	strain2
T1	T1|strain2|0001440	demo_contig_1	strain2
T1	T1|strain2|0001481	demo_contig_1	strain2
T1	T1|strain2|0001485	demo_contig_1	strain2
T1	T1|strain2|0001596	demo_contig_1	strain2
T1	T1|strain2|0001603	demo_contig_1	strain2
T1	T1|strain2|0001652	demo_contig_1	strain2
T1	T1|strain2|0001669	demo_contig_1	strain2
T1	T1|strain2|0001765	demo_contig_1	strain2
T1	T1|strain2|0001835	demo_contig_1	strain2
T1	T1|strain2|0001892	demo_contig_1	strain2
T1	T1|strain2|0002093	demo_contig_1	strain2
T1	T1|strain2|0002145	demo_contig_1	strain2
T1	T1|strain2|0002320	demo_contig_1	strain2
T1	T1|strain2|0002350	demo_contig_1	strain2
T1	T1|strain2|0002505	demo_contig_1	strain2
T1	T1|strain2|0002537	demo_contig_1	strain2
T1	T1|strain2|0002653	demo_contig_1	strain2
T1	T1|strain2|0002674	demo_contig_1	strain2
T1	T1|strain2|0002768	demo_contig_1	strain2
T1	T1|strain2|0002812	demo_contig_1	strain2
T1	T1|strain2|0002842	demo_contig_1	strain2
T1	T1|strain2|0002944	demo_contig_1	strain2
T1	T1|strain2|0002959	demo_contig_1	strain2
T1	T1|strain2|0002960	demo_contig_1	strain2
T1	T1|strain2|0002992	demo_contig_1	strain2
T1	T1|strain2|0003111	demo_contig_1	strain2
T1	T1|strain2|0003222	demo_contig_1	strain2
T1	T1|strain2|0003223	demo_contig_1	strain2
T1	T1|strain2|0003238	demo_contig_1	strain2
T1	T1|strain2|0003308	demo_contig_1	strain2
T1	T1|strain2|0003486	demo_contig_1	strain2
T1	T1|strain2|0003495	demo_contig_1	strain2
T1	T1|strain2|0003505	demo_contig_1	strain2
T1	T1|strain2|0003506	demo_contig_1	strain2
T1	T1|strain2|0003719	demo_contig_1	strain2
T1	T1|strain2|0003735	demo_contig_1	strain2
T1	T1|strain2|0003759	demo_contig_1	strain2
T1	T1|strain2|0003762	demo_contig_1	strain2
T1	T1|strain2|0003822	demo_contig_1	strain2
T1	T1|strain2|0003847	demo_contig_1	strain2
T1	T1|strain2|0003944	demo_contig_1	strain2
T1	T1|strain2|0003976	demo_contig_1	strain2
T1	T1|strain2|0004038	demo_contig_1	strain2
T1	T1|strain2|0004051	demo_contig_1	strain2
T1	T1|strain2|0004079	demo_contig_1	strain2
T1	T1|strain2|0004080	demo_contig_1	strain2
T1	T1|strain2|0004086	demo_contig_1	strain2
T1	T1|strain2|0004202	demo_contig_1	strain2
T1	T1|strain2|0004560	demo_contig_1	strain2
T1	T1|strain2|0004611	demo_contig_1	strain2
T1	T1|strain2|0004789	demo_contig_1	strain2
T1	T1|strain2|0004792	demo_contig_1	strain2
T1	T1|strain2|0004839	demo_contig_1	strain2
T1	T1|strain2|0005026	demo_contig_1	strain2
T1	T1|strain2|0005151	demo_contig_1	strain2
T1	T1|strain2|0005308	demo_contig_1	strain2
T1	T1|strain2|0005335	demo_contig_1	strain2
T1	T1|strain2|0005467	demo_contig_1	strain2
T1	T1|strain2|0005598	demo_contig_1	strain2
T1	T1|strain2|0005650	demo_contig_1	strain2
T1	T1|strain2|0005657	demo_contig_1	strain2
T1	T1|strain2|0005699	demo_contig_1	strain2
T1	T1|strain2|0005719	demo_contig_1	strain2
T1	T1|strain2|0005736	demo_contig_1	strain2
T1	T1|strain2|0005903	demo_contig_1	strain2
T1	T1|strain2|0005991	demo_contig_1	strain2
T1	T1|strain2|0005997	demo_contig_1	strain2
T1	T1|strain2|0006093	demo_contig_1	strain2
T1	T1|strain2|0006097	demo_contig_1	strain2
T1	T1|strain2|0006308	demo_contig_1	strain2
T1	T1|strain2|0006371	demo_contig_1	strain2
T1	T1|strain2|0006389	demo_contig_1	strain2
T1	T1|strain2|0006414	demo_contig_1	strain2
T1	T1|strain2|0006694	demo_contig_1	strain2
T1	T1|strain2|0006728	demo_contig_1	strain2
T1	T1|strain2|0006741	demo_contig_1	strain2
T1	T1|strain2|0006846	demo_contig_1	strain2
T1	T1|strain2|0006910	demo_contig_1	strain2
T1	T1|strain2|0006993	demo_contig_1	strain2
T1	T1|strain2|0007034	demo_contig_1	strain2
T1	T1|strain2|0007296	demo_contig_1	strain2
T1	T1|strain2|0007434	demo_contig_1	strain2
T1	T1|strain2|0007442	demo_contig_1	strain2
T1	T1|strain2|0007453	demo_contig_1	strain2
T1	T1|strain2|0007481	demo_contig_1	strain2
T1	T1|strain2|0007511	demo_contig_1	strain2
T1	T1|strain2|0007706	demo_contig_1	strain2
T1	T1|strain2|0007716	demo_contig_1	strain2
T1	T1|strain2|0007732	demo_contig_1	strain2
T1	T1|strain2|0007801	demo_contig_1	strain2
T1	T1|strain2|0007826	demo_contig_1	strain2
T1	T1|strain2|0007851	demo_contig_1	strain2
T1	T1|strain2|0007876	demo_contig_1	strain2
T1	T1|strain2|0007898	demo_contig_1	strain2
T1	T1|strain2|0007990	demo_contig_1	strain2
T1	T1|strain2|0008103	demo_contig_1	strain2
T1	T1|strain2|0008107	demo_contig_1	strain2
T1	T1|strain2|0008110	demo_contig_1	strain2
T1	T1|strain2|0008137	demo_contig_1	strain2
T1	T1|strain2|0008245	demo_contig_1	strain2
T1	T1|strain2|0008343	demo_contig_1	strain2
T1	T1|strain2|0008384	demo_contig_1	strain2
T1	T1|strain2|0008411	demo_contig_1	strain2
T1	T1|strain2|0008470	demo_contig_1	strain2
T1	T1|strain2|0008515	demo_contig_1	strain2
T1	T1|strain2|0008552	demo_contig_1	strain2
T1	T1|strain2|0008566	demo_contig_1	strain2
T1	T1|strain2|0008588	demo_contig_1	strain2
T1	T1|strain2|0008726	demo_contig_1	strain2
T1	T1|strain2|0008747	demo_contig_1	strain2
T1	T1|strain2|0008827	demo_contig_1	strain2
T1	T1|strain2|0008912	demo_contig_1	strain2
T1	T1|strain2|0008935	demo_contig_1	strain2
T1	T1|strain2|0009062	demo_contig_1	strain2
T1	T1|strain2|0009111	demo_contig_1	strain2
T1	T1|strain2|0009127	demo_contig_1	strain2
T1	T1|strain2|0009166	demo_contig_1	strain2
T1	T1|strain2|0009232	demo_contig_1	strain2
T1	T1|strain2|0009286	demo_contig_1	strain2
T1	T1|strain2|0009401	demo_contig_1	strain2
T1	T1|strain2|0009412	demo_contig_1	strain2
T1	T1|strain2|0009518	demo_contig_1	strain2
T1	T1|strain2|0009536	demo_contig_1	strain2
T1	T1|strain2|0009577	demo_contig_1	strain2
T1	T1|strain2|0009635	demo_contig_1	strain2
T1	T1|strain2|0009710	demo_contig_1	strain2
T1	T1|strain2|0009762	demo_contig_1	strain2
T1	T1|strain2|0009912	demo_contig_1	strain2
T1	T1|strain2|0010034	demo_contig_1	strain2
T1	T1|strain2|0010078	demo_contig_1	strain2
T1	T1|strain2|0010082	demo_contig_1	strain2
T1	T1|strain2|0010255	demo_contig_1	strain2
T1	T1|strain2|0010260	demo_contig_1	strain2
T1	T1|strain2|0010274	demo_contig_1	strain2
T1	T1|strain2|0010384	demo_contig_1	strain2
T1	T1|strain2|0010475	demo_contig_1	strain2
T1	T1|strain2|0010512	demo_contig_1	strain2
T1	T1|strain2|0010514	demo_contig_1	strain2
T1	T1|strain2|0010595	demo_contig_1	strain2
T1	T1|strain2|0010673	demo_contig_1	strain2
T1	T1|strain2|0010686	demo_contig_1	strain2
T1	T1|strain2|0010775	demo_contig_1	strain2
T1	T1|strain2|0010838	demo_contig_1	strain2
T1	T1|strain2|0010890	demo_contig_1	strain2
T1	T1|strain2|0011027	demo_contig_1	strain2
T1	T1|strain2|0011044	demo_contig_1	strain2
T1	T1|strain2|0011104	demo_contig_1	strain2
T1	T1|strain2|0011124	demo_contig_1	strain2
T1	T1|strain2|0011234	demo_contig_1	strain2
T1	T1|strain2|0011346	demo_contig_1	strain2
T1	T1|strain2|0011364	demo_contig_1	strain2
T1	T1|strain2|0011454	demo_contig_1	strain2
T1	T1|strain2|0011496	demo_contig_1	strain2
T1	T1|strain2|0011630	demo_contig_1	strain2
T1	T1|strain2|0011635	demo_contig_1	strain2
T1	T1|strain2|0011684	demo_contig_1	strain2
T1	T1|strain2|0011734	demo_contig_1	strain2
T1	T1|strain2|0011738	demo_contig_1	strain2
T1	T1|strain2|0011755	demo_contig_1	strain2
T1	T1|strain2|0011899	demo_contig_1	strain2
T1	T1|strain2|0011989	demo_contig_1	strain2
T1	T1|strain2|0012041	demo_contig_1	strain2
T1	T1|strain2|0012080	demo_contig_1	strain2
T1	T1|strain2|0012086	demo_contig_1	strain2
T1	T1|strain2|0012159	demo_contig_1	strain2
T1	T1|strain2|0012184	demo_contig_1	strain2
T1	T1|strain2|0012239	demo_contig_1	strain2
T1	T1|strain2|0012321	demo_contig_1	strain2
T1	T1|strain2|0012364	demo_contig_1	strain2
T1	T1|strain2|0012464	demo_contig_1	strain2
T1	T1|strain2|0012495	demo_contig_1	strain2
T1	T1|strain2|0012510	demo_contig_1	strain2
T1	T1|strain2|0012531	demo_contig_1	strain2
T1	T1|strain2|0012580	demo_contig_1	strain2
T1	T1|strain2|0012743	demo_contig_1	strain2
T1	T1|strain2|0012855	demo_contig_1	strain2
T1	T1|strain2|0012882	demo_contig_1	strain2
T1	T1|strain2|0012918	demo_contig_1	strain2
T1	T1|strain2|0012957	demo_contig_1	strain2
T1	T1|strain2|0012973	demo_contig_1	strain2
T1	T1|strain2|0013006	demo_contig_1	strain2
T1	T1|strain2|0013008	demo_contig_1	strain2
T1	T1|strain2|0013022	demo_contig_1	strain2
T1	T1|strain2|0013081	demo_contig_1	strain2
T1	T1|strain2|0013104	demo_contig_1	strain2
T1	T1|strain2|0013190	demo_contig_1	strain2
T1	T1|strain2|0013207	demo_contig_1	strain2
T1	T1|strain2|0013238	demo_contig_1	strain2
T1	T1|strain2|0013241	demo_contig_1	strain2
T1	T1|strain2|0013246	demo_contig_1	strain2
T1	T1|strain2|0013318	demo_contig_1	strain2
T1	T1|strain2|0013320	demo_contig_1	strain2
T1	T1|strain2|0013327	demo_contig_1	strain2
T1	T1|strain2|0013373	demo_contig_1	strain2
T1	T1|strain2|0013408	demo_contig_1	strain2
T1	T1|strain2|0013514	demo_contig_1	strain2
T1	T1|strain2|0013533	demo_contig_1	strain2
T1	T1|strain2|0013727	demo_contig_1	strain2
T1	T1|strain2|0013732	demo_contig_1	strain2
T1	T1|strain2|0013801	demo_contig_1	strain2
T1	T1|strain2|0013803	demo_contig_1	strain2
T1	T1|strain2|0013854	demo_contig_1	strain2
T1	T1|strain2|0013959	demo_contig_1	strain2
T1	T1|strain2|0014013	demo_contig_1	strain2
T1	T1|strain2|0014036	demo_contig_1	strain2
T1	T1|strain2|0014080	demo_contig_1	strain2
T1	T1|strain2|0014090	demo_contig_1	strain2
T1	T1|strain2|0014099	demo_contig_1	strain2
T1	T1|strain2|0014119	demo_contig_1	strain2
T1	T1|strain2|0014310	demo_contig_1	strain2
T1	T1|strain2|0014347	demo_contig_1	strain2
T1	T1|strain2|0014433	demo_contig_1	strain2
T1	T1|strain2|0014439	demo_contig_1	strain2
T1	T1|strain2|0014623	demo_contig_1	strain2
T1	T1|strain2|0014678	demo_contig_1	strain2
T1	T1|strain2|0014779	demo_contig_1	strain2
T1	T1|strain2|0014869	demo_contig_1	strain2
T1	T1|strain2|0014873	demo_contig_1	strain2
T1	T1|strain2|0015090	demo_contig_1	strain2
T1	T1|strain2|0015113	demo_contig_1	strain2
T1	T1|strain2|0015192	demo_contig_1	strain2
T1	T1|strain2|0015236	demo_contig_1	strain2
T1	T1|strain2|0015340	demo_contig_1	strain2
T1	T1|strain2|0015353	demo_contig_1	strain2
T1	T1|strain2|0015468	demo_contig_1	strain2
T1	T1|strain2|0015487	demo_contig_1	strain2
T1	T1|strain2|0015536	demo_contig_1	strain2
T1	T1|strain2|0015662	demo_contig_1	strain2
T1	T1|strain2|0015673	demo_contig_1	strain2
T1	T1|strain2|0015721	demo_contig_1	strain2
T1	T1|strain2|0015789	demo_contig_1	strain2
T1	T1|strain2|0015818	demo_contig_1	strain2
T1	T1|strain2|0015883	demo_contig_1	strain2
T1	T1|strain2|0015972	demo_contig_1	strain2
T1	T1|strain2|0016013	demo_contig_1	strain2
T1	T1|strain2|0016032	demo_contig_1	strain2
T1	T1|strain2|0016037	demo_contig_1	strain2
T1	T1|strain2|0016095	demo_contig_1	strain2
T1	T1|strain2|0016228	demo_contig_1	strain2
T1	T1|strain2|0016410	demo_contig_1	strain2
T1	T1|strain2|0016458	demo_contig_1	strain2
T1	T1|strain2|0016490	demo_contig_1	strain2
T1	T1|strain2|0016525	demo_contig_1	strain2
T1	T1|strain2|0016550	demo_contig_1	strain2
T1	T1|strain2|0016561	demo_contig_1	strain2
T1	T1|strain2|0016599	demo_contig_1	strain2
T1	T1|strain2|0016629	demo_contig_1	strain2
T1	T1|strain2|0016632	demo_contig_1	strain2
T1	T1|strain2|0016758	demo_contig_1	strain2
T1	T1|strain2|0016815	demo_contig_1	strain2
T1	T1|strain2|0016873	demo_contig_1	strain2
T1	T1|strain2|0016893	demo_contig_1	strain2
T1	T1|strain2|0017037	demo_contig_1	strain2
T1	T1|strain2|0017091	demo_contig_1	strain2
T1	T1|strain2|0017096	demo_contig_1	strain2
T1	T1|strain2|0017104	demo_contig_1	strain2
T1	T1|strain2|0017233	demo_contig_1	strain2
T1	T1|strain2|0017261	demo_contig_1	strain2
T1	T1|strain2|0017263	demo_contig_1	strain2
T1	T1|strain2|0017275	demo_contig_1	strain2
T1	T1|strain2|0017276	demo_contig_1	strain2
T1	T1|strain2|0017349	demo_contig_1	strain2
T1	T1|strain2|0017468	demo_contig_1	strain2
T1	T1|strain2|0017472	demo_contig_1	strain2
T1	T1|strain2|0017517	demo_contig_1	strain2
T1	T1|strain2|0017552	demo_contig_1	strain2
T1	T1|strain2|0017563	demo_contig_1	strain2
T1	T1|strain2|0017665	demo_contig_1	strain2
T1	T1|strain2|0017670	demo_contig_1	strain2
T1	T1|strain2|0017731	demo_contig_1	strain2
T1	T1|strain2|0017736	demo_contig_1	strain2
T1	T1|strain2|0017777	demo_contig_1	strain2
T1	T1|strain2|0017781	demo_contig_1	strain2
T1	T1|strain2|0017799	demo_contig_1	strain2
T1	T1|strain2|0017800	demo_contig_1	strain2
T1	T1|strain2|0017806	demo_contig_1	strain2
T1	T1|strain2|0017909	demo_contig_1	strain2
T1	T1|strain2|0017920	demo_contig_1	strain2
T1	T1|strain2|0017966	demo_contig_1	strain2
T1	T1|strain2|0017993	demo_contig_1	strain2
T1	T1|strain2|0018200	demo_contig_1	strain2
T1	T1|strain2|0018327	demo_contig_1	strain2
T1	T1|strain2|0018329	demo_contig_1	strain2
T1	T1|strain2|0018348	demo_contig_1	strain2
T1	T1|strain2|0018394	demo_contig_1	strain2
T1	T1|strain2|0018430	demo_contig_1	strain2
T1	T1|strain2|0018508	demo_contig_1	strain2
T1	T1|strain2|0018544	demo_contig_1	strain2
T1	T1|strain2|0018548	demo_contig_1	strain2
T1	T1|strain2|0018657	demo_contig_1	strain2
T1	T1|strain2|0018706	demo_contig_1	strain2
T1	T1|strain2|0018726	demo_contig_1	strain2
T1	T1|strain2|0018734	demo_contig_1	strain2
T1	T1|strain2|0018770	demo_contig_1	strain2
T1	T1|strain2|0018846	demo_contig_1	strain2
T1	T1|strain2|0018878	demo_contig_1	strain2
T1	T1|strain2|0018961	demo_contig_1	strain2
T1	T1|strain2|0019050	demo_contig_1	strain2
T1	T1|strain2|0019065	demo_contig_1	strain2
T1	T1|strain2|0019147	demo_contig_1	strain2
T1	T1|strain2|0019159	demo_contig_1	strain2
T2	T2|strain1|0000071	demo_contig_1	strain1
T2	T2|strain1|0000075	demo_contig_1	strain1
T2	T2|strain1|0000088	demo_contig_1	strain1
T2	T2|strain1|0000109	demo_contig_1	strain1
T2	T2|strain1|0000251	demo_contig_1	strain1
T2	T2|strain1|0000351	demo_contig_1	strain1
T2	T2|strain1|0000596	demo_contig_1	strain1
T2	T2|strain1|0000638	demo_contig_1	strain1
T2	T2|strain1|0000692	demo_contig_1	strain1
T2	T2|strain1|0000759	demo_contig_1	strain1
T2	T2|strain2|0000154	demo_contig_1	strain2
T2	T2|strain2|0000226	demo_contig_1	strain2
T2	T2|strain2|0000240	demo_contig_1	strain2
T2	T2|strain2|0000288	demo_contig_1	strain2
T2	T2|strain2|0000289	demo_contig_1	strain2
T2	T2|strain2|0000427	demo_contig_1	strain2
T2	T2|strain2|0000463	demo_contig_1	strain2
T2	T2|strain2|0000483	demo_contig_1	strain2
T2	T2|strain2|0000556	demo_contig_1	strain2
T2	T2|strain2|0000578	demo_contig_1	strain2
T2	T2|strain2|0000681	demo_contig_1	strain2
T2	T2|strain2|0000695	demo_contig_1	strain2
T2	T2|strain2|0000904	demo_contig_1	strain2
T2	T2|strain2|0000930	demo_contig_1	strain2
T2	T2|strain2|0000970	demo_contig_1	strain2
T2	T2|strain2|0000993	demo_contig_1	strain2
T2	T2|strain2|0000995	demo_contig_1	strain2
T2	T2|strain2|0001016	demo_contig_1	strain2
T2	T2|strain2|0001084	demo_contig_1	strain2
T2	T2|strain2|0001118	demo_contig_1	strain2
T2	T2|strain2|0001242	demo_contig_1	strain2
T2	T2|strain2|0001250	demo_contig_1	strain2
T2	T2|strain2|0001251	demo_contig_1	strain2
T2	T2|strain2|0001261	demo_contig_1	strain2
T2	T2|strain2|0001308	demo_contig_1	strain2
T2	T2|strain2|0001474	demo_contig_1	strain2
T2	T2|strain2|0001597	demo_contig_1	strain2
T2	T2|strain2|0001608	demo_contig_1	strain2
T2	T2|strain2|0001612	demo_contig_1	strain2
T2	T2|strain2|0001675	demo_contig_1	strain2
T2	T2|strain2|0001685	demo_contig_1	strain2
T2	T2|strain2|0001719	demo_contig_1	strain2
T2	T2|strain2|0001807	demo_contig_1	strain2
T2	T2|strain2|0001818	demo_contig_1	strain2
T2	T2|strain2|0001847	demo_contig_1	strain2
T2	T2|strain2|0001879	demo_contig_1	strain2
T2	T2|strain2|0001906	demo_contig_1	strain2
T2	T2|strain2|0001912	demo_contig_1	strain2
T2	T2|strain2|0001916	demo_contig_1	strain2
T2	T2|strain2|0001983	demo_contig_1	strain2
T2	T2|strain2|0002187	demo_contig_1	strain2
T2	T2|strain2|0002257	demo_contig_1	strain2
T2	T2|strain2|0002396	demo_contig_1	strain2
T2	T2|strain2|0002441	demo_contig_1	strain2
T2	T2|strain2|0002459	demo_contig_1	strain2
T2	T2|strain2|0002468	demo_contig_1	strain2
T2	T2|strain2|0002510	demo_contig_1	strain2
T2	T2|strain2|0002551	demo_contig_1	strain2
T2	T2|strain2|0002557	demo_contig_1	strain2
T2	T2|strain2|0002662	demo_contig_1	strain2
T2	T2|strain2|0002804	demo_contig_1	strain2
T2	T2|strain2|0002810	demo_contig_1	strain2
T2	T2|strain2|0002865	demo_contig_1	strain2
T2	T2|strain2|0002907	demo_contig_1	strain2
T2	T2|strain2|0003010	demo_contig_1	strain2
T2	T2|strain2|0003016	demo_contig_1	strain2
T2	T2|strain2|0003023	demo_contig_1	strain2
T2	T2|strain2|0003211	demo_contig_1	strain2
T2	T2|strain2|0003257	demo_contig_1	strain2
T2	T2|strain2|0003272	demo_contig_1	strain2
T2	T2|strain2|0003327	demo_contig_1	strain2
T2	T2|strain2|0003333	demo_contig_1	strain2
T2	T2|strain2|0003342	demo_contig_1	strain2
T2	T2|strain2|0003401	demo_contig_1	strain2
T2	T2|strain2|0003419	demo_contig_1	strain2
T2	T2|strain2|0003456	demo_contig_1	strain2
T2	T2|strain2|0003532	demo_contig_1	strain2
T2	T2|strain2|0003555	demo_contig_1	strain2
T2	T2|strain2|0003668	demo_contig_1	strain2
T2	T2|strain2|0003702	demo_contig_1	strain2
T2	T2|strain2|0003835	demo_contig_1	strain2
T2	T2|strain2|0003863	demo_contig_1	strain2
T2	T2|strain2|0003866	demo_contig_1	strain2
T2	T2|strain2|0003963	demo_contig_1	strain2
T2	T2|strain2|0004036	demo_contig_1	strain2
T2	T2|strain2|0004152	demo_contig_1	strain2
T2	T2|strain2|0004399	demo_contig_1	strain2
T2	T2|strain2|0004426	demo_contig_1	strain2
T2	T2|strain2|0004437	demo_contig_1	strain2
T2	T2|strain2|0004463	demo_contig_1	strain2
T2	T2|strain2|0004465	demo_contig_1	strain2
T2	T2|strain2|0004650	demo_contig_1	strain2
T2	T2|strain2|0004690	demo_contig_1	strain2
T2	T2|strain2|0004776	demo_contig_1	strain2
T2	T2|strain2|0004856	demo_contig_1	strain2
T2	T2|strain2|0004931	demo_contig_1	strain2
T2	T2|strain2|0005007	demo_contig_1	strain2
T2	T2|strain2|0005187	demo_contig_1	strain2
T2	T2|strain2|0005337	demo_contig_1	strain2
T2	T2|strain2|0005479	demo_contig_1	strain2
T2	T2|strain2|0005544	demo_contig_1	strain2
T2	T2|strain2|0005559	demo_contig_1	strain2
T2	T2|strain2|0005657	demo_contig_1	strain2
T2	T2|strain2|0005659	demo_contig_1	strain2
T2	T2|strain2|0005679	demo_contig_1	strain2
T2	T2|strain2|0005795	demo_contig_1	strain2
T2	T2|strain2|0005824	demo_contig_1	strain2
T2	T2|strain2|0005890	demo_contig_1	strain2
T2	T2|strain2|0005898	demo_contig_1	strain2
T2	T2|strain2|0005911	demo_contig_1	strain2
T2	T2|strain2|0005920	demo_contig_1	strain2
T2	T2|strain2|0005979	demo_contig_1	strain2
T2	T2|strain2|0006005	demo_contig_1	strain2
T2	T2|strain2|0006019	demo_contig_1	strain2
T2	T2|strain2|0006155	demo_contig_1	strain2
T2	T2|strain2|0006164	demo_contig_1	strain2
T2	T2|strain2|0006200	demo_contig_1	strain2
T2	T2|strain2|0006258	demo_contig_1	strain2
T2	T2|strain2|0006306	demo_contig_1	strain2
T2	T2|strain2|0006342	demo_contig_1	strain2
T2	T2|strain2|0006355	demo_contig_1	strain2
T2	T2|strain2|0006404	demo_contig_1	strain2
T2	T2|strain2|0006489	demo_contig_1	strain2
T2	T2|strain2|0006849	demo_contig_1	strain2
T2	T2|strain2|0006962	demo_contig_1	strain2
T2	T2|strain2|0006970	demo_contig_1	strain2
T2	T2|strain2|0007088	demo_contig_1	strain2
T2	T2|strain2|0007102	demo_contig_1	strain2
T2	T2|strain2|0007175	demo_contig_1	strain2
T2	T2|strain2|0007182	demo_contig_1	strain2
T2	T2|strain2|0007207	demo_contig_1	strain2
T2	T2|strain2|0007294	demo_contig_1	strain2
T2	T2|strain2|0007300	demo_contig_1	strain2
T2	T2|strain2|0007325	demo_contig_1	strain2
T2	T2|strain2|0007441	demo_contig_1	strain2
T2	T2|strain2|0007631	demo_contig_1	strain2
T2	T2|strain2|0007656	demo_contig_1	strain2
T2	T2|strain2|0007665	demo_contig_1	strain2
T2	T2|strain2|0007753	demo_contig_1	strain2
T2	T2|strain2|0007762	demo_contig_1	strain2
T2	T2|strain2|0007775	demo_contig_1	strain2
T2	T2|strain2|0007931	demo_contig_1	strain2
T2	T2|strain2|0007942	demo_contig_1	strain2
T2	T2|strain2|0008004	demo_contig_1	strain2
T2	T2|strain2|0008030	demo_contig_1	strain2
T2	T2|strain2|0008176	demo_contig_1	strain2
T2	T2|strain2|0008190	demo_contig_1	strain2
T2	T2|strain2|0008240	demo_contig_1	strain2
T2	T2|strain2|0008257	demo_contig_1	strain2
T2	T2|strain2|0008309	demo_contig_1	strain2
T2	T2|strain2|0008338	demo_contig_1	strain2
T2	T2|strain2|0008345	demo_contig_1	strain2
T2	T2|strain2|0008445	demo_contig_1	strain2
T2	T2|strain2|0008475	demo_contig_1	strain2
T2	T2|strain2|0008645	demo_contig_1	strain2
T2	T2|strain2|0008734	demo_contig_1	strain2
T2	T2|strain2|0008755	demo_contig_1	strain2
T2	T2|strain2|0008781	demo_contig_1	strain2
T2	T2|strain2|0008785	demo_contig_1	strain2
T2	T2|strain2|0008810	demo_contig_1	strain2
T2	T2|strain2|0008989	demo_contig_1	strain2
T2	T2|strain2|0009005	demo_contig_1	strain2
T2	T2|strain2|0009020	demo_contig_1	strain2
T2	T2|strain2|0009082	demo_contig_1	strain2
T2	T2|strain2|0009085	demo_contig_1	strain2
T2	T2|strain2|0009147	demo_contig_1	strain2
T2	T2|strain2|0009214	demo_contig_1	strain2
T2	T2|strain2|0009244	demo_contig_1	strain2
T2	T2|strain2|0009301	demo_contig_1	strain2
T2	T2|strain2|0009344	demo_contig_1	strain2
T2	T2|strain2|0009368	demo_contig_1	strain2
T2	T2|strain2|0009390	demo_contig_1	strain2
T2	T2|strain2|0009467	demo_contig_1	strain2
T2	T2|strain2|0009468	demo_contig_1	strain2
T2	T2|strain2|0009495	demo_contig_1	strain2
T2	T2|strain2|0009502	demo_contig_1	strain2
T2	T2|strain2|0009510	demo_contig_1	strain2
T2	T2|strain2|0009513	demo_contig_1	strain2
T2	T2|strain2|0009557	demo_contig_1	strain2
T2	T2|strain2|0009679	demo_contig_1	strain2
T2	T2|strain2|0009708	demo_contig_1	strain2
T2	T2|strain2|0009781	demo_contig_1	strain2
T2	T2|strain2|0009854	demo_contig_1	strain2
T2	T2|strain2|0009951	demo_contig_1	strain2
T2	T2|strain2|0009963	demo_contig_1	strain2
T2	T2|strain2|0010063	demo_contig_1	strain2
T2	T2|strain2|0010109	demo_contig_1	strain2
T2	T2|strain2|0010112	demo_contig_1	strain2
T2	T2|strain2|0010213	demo_contig_1	strain2
T2	T2|strain2|0010251	demo_contig_1	strain2
T2	T2|strain2|0010290	demo_contig_1	strain2
T2	T2|strain2|0010460	demo_contig_1	strain2
T2	T2|strain2|0010475	demo_contig_1	strain2
T2	T2|strain2|0010485	demo_contig_1	strain2
T2	T2|strain2|0010590	demo_contig_1	strain2
T2	T2|strain2|0010660	demo_contig_1	strain2
T2	T2|strain2|0010665	demo_contig_1	strain2
T2	T2|strain2|0010832	demo_contig_1	strain2
T2	T2|strain2|0010862	demo_contig_1	strain2
T2	T2|strain2|0010872	demo_contig_1	strain2
T2	T2|strain2|0010874	demo_contig_1	strain2
T2	T2|strain2|0010906	demo_contig_1	strain2
T2	T2|strain2|0011043	demo_contig_1	strain2
T2	T2|strain2|0011126	demo_contig_1	strain2
T2	T2|strain2|0011167	demo_contig_1	strain2
T2	T2|strain2|0011259	demo_contig_1	strain2
T2	T2|strain2|0011270	demo_contig_1	strain2
T2	T2|strain2|0011273	demo_contig_1	strain2
T2	T2|strain2|0011382	demo_contig_1	strain2
T2	T2|strain2|0011391	demo_contig_1	strain2
T2	T2|strain2|0011404	demo_contig_1	strain2
T2	T2|strain2|0011513	demo_contig_1	strain2
T2	T2|strain2|0011558	demo_contig_1	strain2
T2	T2|strain2|0011563	demo_contig_1	strain2
T2	T2|strain2|0011645	demo_contig_1	strain2
T2	T2|strain2|0011728	demo_contig_1	strain2
T2	T2|strain2|0011830	demo_contig_1	strain2
T2	T2|strain2|0011902	demo_contig_1	strain2
T2	T2|strain2|0011963	demo_contig_1	strain2
T2	T2|strain2|0011970	demo_contig_1	strain2
T2	T2|strain2|0012000	demo_contig_1	strain2
T2	T2|strain2|0012019	demo_contig_1	strain2
T2	T2|strain2|0012123	demo_contig_1	strain2
T2	T2|strain2|0012145	demo_contig_1	strain2
T2	T2|strain2|0012147	demo_contig_1	strain2
T2	T2|strain2|0012236	demo_contig_1	strain2
T2	T2|strain2|0012270	demo_contig_1	strain2
T2	T2|strain2|0012381	demo_contig_1	strain2
T2	T2|strain2|0012402	demo_contig_1	strain2
T2	T2|strain2|0012461	demo_contig_1	strain2
T2	T2|strain2|0012503	demo_contig_1	strain2
T2	T2|strain2|0012543	demo_contig_1	strain2
T2	T2|strain2|0012555	demo_contig_1	strain2
T2	T2|strain2|0012587	demo_contig_1	strain2
T2	T2|strain2|0012620	demo_contig_1	strain2
T2	T2|strain2|0012660	demo_contig_1	strain2
T2	T2|strain2|0012685	demo_contig_1	strain2
T2	T2|strain2|0012719	demo_contig_1	strain2
T2	T2|strain2|0012776	demo_contig_1	strain2
T2	T2|strain2|0012793	demo_contig_1	strain2
T2	T2|strain2|0012806	demo_contig_1	strain2
T2	T2|strain2|0012839	demo_contig_1	strain2
T2	T2|strain2|0012898	demo_contig_1	strain2
T2	T2|strain2|0012947	demo_contig_1	strain2
T2	T2|strain2|0012961	demo_contig_1	strain2
T2	T2|strain2|0013100	demo_contig_1	strain2
T2	T2|strain2|0013111	demo_contig_1	strain2
T2	T2|strain2|0013233	demo_contig_1	strain2
T2	T2|strain2|0013247	demo_contig_1	strain2
T2	T2|strain2|0013321	demo_contig_1	strain2
T2	T2|strain2|0013356	demo_contig_1	strain2
T2	T2|strain2|0013381	demo_contig_1	strain2
T2	T2|strain2|0013386	demo_contig_1	strain2
T2	T2|strain2|0013412	demo_contig_1	strain2
T2	T2|strain2|0013494	demo_contig_1	strain2
T2	T2|strain2|0013536	demo_contig_1	strain2
T2	T2|strain2|0013553	demo_contig_1	strain2
T2	T2|strain2|0013590	demo_contig_1	strain2
T2	T2|strain2|0013598	demo_contig_1	strain2
T2	T2|strain2|0013619	demo_contig_1	strain2
T2	T2|strain2|0013667	demo_contig_1	strain2
T2	T2|strain2|0013818	demo_contig_1	strain2
T2	T2|strain2|0013899	demo_contig_1	strain2
T2	T2|strain2|0013900	demo_contig_1	strain2
T2	T2|strain2|0013949	demo_contig_1	strain2
T2	T2|strain2|0013963	demo_contig_1	strain2
T2	T2|strain2|0013980	demo_contig_1	strain2
T2	T2|strain2|0014017	demo_contig_1	strain2
T2	T2|strain2|0014039	demo_contig_1	strain2
T2	T2|strain2|0014121	demo_contig_1	strain2
T2	T2|strain2|0014151	demo_contig_1	strain2
T2	T2|strain2|0014221	demo_contig_1	strain2
T2	T2|strain2|0014316	demo_contig_1	strain2
T2	T2|strain2|0014407	demo_contig_1	strain2
T2	T2|strain2|0014410	demo_contig_1	strain2
T2	T2|strain2|0014416	demo_contig_1	strain2
T2	T2|strain2|0014488	demo_contig_1	strain2
T2	T2|strain2|0014511	demo_contig_1	strain2
T2	T2|strain2|0014543	demo_contig_1	strain2
T2	T2|strain2|0014585	demo_contig_1	strain2
T2	T2|strain2|0014601	demo_contig_1	strain2
T2	T2|strain2|0014646	demo_contig_1	strain2
T2	T2|strain2|0014675	demo_contig_1	strain2
T2	T2|strain2|0014718	demo_contig_1	strain2
T2	T2|strain2|0014821	demo_contig_1	strain2
T2	T2|strain2|0014837	demo_contig_1	strain2
T2	T2|strain2|0014969	demo_contig_1	strain2
T2	T2|strain2|0015088	demo_contig_1	strain2
T2	T2|strain2|0015198	demo_contig_1	strain2
T2	T2|strain2|0015255	demo_contig_1	strain2
T2	T2|strain2|0015256	demo_contig_1	strain2
T2	T2|strain2|0015277	demo_contig_1	strain2
T2	T2|strain2|0015321	demo_contig_1	strain2
T2	T2|strain2|0015376	demo_contig_1	strain2
T2	T2|strain2|0015423	demo_contig_1	strain2
T2	T2|strain2|0015436	demo_contig_1	strain2
T2	T2|strain2|0015477	demo_contig_1	strain2
T2	T2|strain2|0015570	demo_contig_1	strain2
T2	T2|strain2|0015665	demo_contig_1	strain2
T2	T2|strain2|0015750	demo_contig_1	strain2
T2	T2|strain2|0015880	demo_contig_1	strain2
T2	T2|strain2|0016056	demo_contig_1	strain2
T2	T2|strain2|0016072	demo_contig_1	strain2
T2	T2|strain2|0016078	demo_contig_1	strain2
T2	T2|strain2|0016132	demo_contig_1	strain2
T2	T2|strain2|0016137	demo_contig_1	strain2
T2	T2|strain2|0016168	demo_contig_1	strain2
T2	T2|strain2|0016274	demo_contig_1	strain2
T2	T2|strain2|0016297	demo_contig_1	strain2
T2	T2|strain2|0016324	demo_contig_1	strain2
T2	T2|strain2|0016441	demo_contig_1	strain2
T2	T2|strain2|0016521	demo_contig_1	strain2
T2	T2|strain2|0016567	demo_contig_1	strain2
T2	T2|strain2|0016670	demo_contig_1	strain2
T2	T2|strain2|0016676	demo_contig_1	strain2
T2	T2|strain2|0016728	demo_contig_1	strain2
T2	T2|strain2|0016745	demo_contig_1	strain2
T2	T2|strain2|0016803	demo_contig_1	strain2
T2	T2|strain2|0016914	demo_contig_1	strain2
T2	T2|strain2|0016932	demo_contig_1	strain2
T2	T2|strain2|0017006	demo_contig_1	strain2
T2	T2|strain2|0017067	demo_contig_1	strain2
T2	T2|strain2|0017114	demo_contig_1	strain2
T2	T2|strain2|0017141	demo_contig_1	strain2
T2	T2|strain2|0017201	demo_contig_1	strain2
T2	T2|strain2|0017225	demo_contig_1	strain2
T2	T2|strain2|0017293	demo_contig_1	strain2
T2	T2|strain2|0017305	demo_contig_1	strain2
T2	T2|strain2|0017336	demo_contig_1	strain2
T2	T2|strain2|0017423	demo_contig_1	strain2
T2	T2|strain2|0017449	demo_contig_1	strain2
T2	T2|strain2|0017505	demo_contig_1	strain2
T2	T2|strain2|0017524	demo_contig_1	strain2
T2	T2|strain2|0017559	demo_contig_1	strain2
T2	T2|strain2|0017566	demo_contig_1	strain2
T2	T2|strain2|0017582	demo_contig_1	strain2
T2	T2|strain2|0017636	demo_contig_1	strain2
T2	T2|strain2|0017670	demo_contig_1	strain2
T2	T2|strain2|0017826	demo_contig_1	strain2
T2	T2|strain2|0017866	demo_contig_1	strain2
T2	T2|strain2|0018031	demo_contig_1	strain2
T2	T2|strain2|0018090	demo_contig_1	strain2
T2	T2|strain2|0018093	demo_contig_1	strain2
T2	T2|strain2|0018171	demo_contig_1	strain2
T2	T2|strain2|0018221	demo_contig_1	strain2
T2	T2|strain2|0018300	demo_contig_1	strain2
T2	T2|strain2|0018322	demo_contig_1	strain2
T2	T2|strain2|0018409	demo_contig_1	strain2
T2	T2|strain2|0018427	demo_contig_1	strain2
T2	T2|strain2|0018457	demo_contig_1	strain2
T3	T3|strain1|0000009	demo_contig_1	strain1
T3	T3|strain1|0000057	demo_contig_1	strain1
T3	T3|strain1|0000084	demo_contig_1	strain1
T3	T3|strain1|0000092	demo_contig_1	strain1
T3	T3|strain1|0000250	demo_contig_1	strain1
T3	T3|strain1|0000353	demo_contig_1	strain1
T3	T3|strain1|0000389	demo_contig_1	strain1
T3	T3|strain1|0000393	demo_contig_1	strain1
T3	T3|strain1|0000435	demo_contig_1	strain1
T3	T3|strain1|0000438	demo_contig_1	strain1
T3	T3|strain1|0000503	demo_contig_1	strain1
T3	T3|strain1|0000536	demo_contig_1	strain1
T3	T3|strain1|0000589	demo_contig_1	strain1
T3	T3|strain1|0000709	demo_contig_1	strain1
T3	T3|strain1|0000718	demo_contig_1	strain1
T3	T3|strain1|0000833	demo_contig_1	strain1
T3	T3|strain1|0000841	demo_contig_1	strain1
T3	T3|strain1|0000863	demo_contig_1	strain1
T3	T3|strain1|0000891	demo_contig_1	strain1
T3	T3|strain1|0000895	demo_contig_1	strain1
T3	T3|strain1|0000979	demo_contig_1	strain1
T3	T3|strain1|0001054	demo_contig_1	strain1
T3	T3|strain1|0001070	demo_contig_1	strain1
T3	T3|strain1|0001156	demo_contig_1	strain1
T3	T3|strain1|0001194	demo_contig_1	strain1
T3	T3|strain1|0001276	demo_contig_1	strain1
T3	T3|strain1|0001309	demo_contig_1	strain1
T3	T3|strain1|0001312	demo_contig_1	strain1
T3	T3|strain1|0001315	demo_contig_1	strain1
T3	T3|strain1|0001335	demo_contig_1	strain1
T3	T3|strain1|0001373	demo_contig_1	strain1
T3	T3|strain1|0001410	demo_contig_1	strain1
T3	T3|strain1|0001438	demo_contig_1	strain1
T3	T3|strain1|0001475	demo_contig_1	strain1
T3	T3|strain1|0001519	demo_contig_1	strain1
T3	T3|strain1|0001558	demo_contig_1	strain1
T3	T3|strain1|0001698	demo_contig_1	strain1
T3	T3|strain1|0001743	demo_contig_1	strain1
T3	T3|strain1|0001800	demo_contig_1	strain1
T3	T3|strain1|0001843	demo_contig_1	strain1
T3	T3|strain1|0001901	demo_contig_1	strain1
T3	T3|strain1|0001917	demo_contig_1	strain1
T3	T3|strain1|0001967	demo_contig_1	strain1
T3	T3|strain1|0002297	demo_contig_1	strain1
T3	T3|strain1|0002303	demo_contig_1	strain1
T3	T3|strain1|0002342	demo_contig_1	strain1
T3	T3|strain1|0002364	demo_contig_1	strain1
T3	T3|strain1|0002392	demo_contig_1	strain1
T3	T3|strain1|0002433	demo_contig_1	strain1
T3	T3|strain1|0002448	demo_contig_1	strain1
T3	T3|strain1|0002479	demo_contig_1	strain1
T3	T3|strain1|0002515	demo_contig_1	strain1
T3	T3|strain1|0002521	demo_contig_1	strain1
T3	T3|strain1|0002538	demo_contig_1	strain1
T3	T3|strain1|0002572	demo_contig_1	strain1
T3	T3|strain1|0002752	demo_contig_1	strain1
T3	T3|strain1|0002775	demo_contig_1	strain1
T3	T3|strain1|0002826	demo_contig_1	strain1
T3	T3|strain1|0002839	demo_contig_1	strain1
T3	T3|strain1|0002917	demo_contig_1	strain1
T3	T3|strain1|0002918	demo_contig_1	strain1
T3	T3|strain1|0002930	demo_contig_1	strain1
T3	T3|strain1|0002958	demo_contig_1	strain1
T3	T3|strain1|0002966	demo_contig_1	strain1
T3	T3|strain1|0003150	demo_contig_1	strain1
T3	T3|strain1|0003160	demo_contig_1	strain1
T3	T3|strain1|0003181	demo_contig_1	strain1
T3	T3|strain1|0003211	demo_contig_1	strain1
T3	T3|strain1|0003299	demo_contig_1	strain1
T3	T3|strain1|0003342	demo_contig_1	strain1
T3	T3|strain1|0003441	demo_contig_1	strain1
T3	T3|strain1|0003486	demo_contig_1	strain1
T3	T3|strain1|0003497	demo_contig_1	strain1
T3	T3|strain1|0003620	demo_contig_1	strain1
T3	T3|strain1|0003634	demo_contig_1	strain1
T3	T3|strain1|0003671	demo_contig_1	strain1
T3	T3|strain1|0003700	demo_contig_1	strain1
T3	T3|strain1|0003811	demo_contig_1	strain1
T3	T3|strain1|0003824	demo_contig_1	strain1
T3	T3|strain1|0003847	demo_contig_1	strain1
T3	T3|strain1|0003923	demo_contig_1	strain1
T3	T3|strain1|0003954	demo_contig_1	strain1
T3	T3|strain1|0004032	demo_contig_1	strain1
T3	T3|strain1|0004042	demo_contig_1	strain1
T3	T3|strain1|0004045	demo_contig_1	strain1
T3	T3|strain1|0004079	demo_contig_1	strain1
T3	T3|strain1|0004149	demo_contig_1	strain1
T3	T3|strain1|0004279	demo_contig_1	strain1
T3	T3|strain1|0004305	demo_contig_1	strain1
T3	T3|strain1|0004321	demo_contig_1	strain1
T3	T3|strain1|0004528	demo_contig_1	strain1
T3	T3|strain1|0004618	demo_contig_1	strain1
T3	T3|strain1|0004636	demo_contig_1	strain1
T3	T3|strain1|0004717	demo_contig_1	strain1
T3	T3|strain1|0004747	demo_contig_1	strain1
T3	T3|strain1|0004784	demo_contig_1	strain1
T3	T3|strain1|0004815	demo_contig_1	strain1
T3	T3|strain1|0004852	demo_contig_1	strain1
T3	T3|strain1|0004883	demo_contig_1	strain1
T3	T3|strain1|0005136	demo_contig_1	strain1
T3	T3|strain1|0005209	demo_contig_1	strain1
T3	T3|strain1|0005236	demo_contig_1	strain1
T3	T3|strain1|0005277	demo_contig_1	strain1
T3	T3|strain1|0005280	demo_contig_1	strain1
T3	T3|strain1|0005324	demo_contig_1	strain1
T3	T3|strain1|0005351	demo_contig_1	strain1
T3	T3|strain1|0005391	demo_contig_1	strain1
T3	T3|strain1|0005485	demo_contig_1	strain1
T3	T3|strain1|0005700	demo_contig_1	strain1
T3	T3|strain1|0005773	demo_contig_1	strain1
T3	T3|strain1|0005881	demo_contig_1	strain1
T3	T3|strain1|0005883	demo_contig_1	strain1
T3	T3|strain1|0005910	demo_contig_1	strain1
T3	T3|strain1|0005960	demo_contig_1	strain1
T3	T3|strain1|0006075	demo_contig_1	strain1
T3	T3|strain1|0006237	demo_contig_1	strain1
T3	T3|strain1|0006238	demo_contig_1	strain1
T3	T3|strain1|0006324	demo_contig_1	strain1
T3	T3|strain1|0006326	demo_contig_1	strain1
T3	T3|strain1|0006457	demo_contig_1	strain1
T3	T3|strain1|0006509	demo_contig_1	strain1
T3	T3|strain1|0006511	demo_contig_1	strain1
T3	T3|strain2|0000008	demo_contig_1	strain2
T3	T3|strain2|0000070	demo_contig_1	strain2
T3	T3|strain2|0000099	demo_contig_1	strain2
T3	T3|strain2|0000147	demo_contig_1	strain2
T3	T3|strain2|0000150	demo_contig_1	strain2
T3	T3|strain2|0000175	demo_contig_1	strain2
T3	T3|strain2|0000187	demo_contig_1	strain2
T3	T3|strain2|0000274	demo_contig_1	strain2
T3	T3|strain2|0000297	demo_contig_1	strain2
T3	T3|strain2|0000413	demo_contig_1	strain2
T3	T3|strain2|0000491	demo_contig_1	strain2
T3	T3|strain2|0000543	demo_contig_1	strain2
T3	T3|strain2|0000681	demo_contig_1	strain2
T3	T3|strain2|0000735	demo_contig_1	strain2
T3	T3|strain2|0000753	demo_contig_1	strain2
T3	T3|strain2|0000822	demo_contig_1	strain2
T3	T3|strain2|0001075	demo_contig_1	strain2
T3	T3|strain2|0001085	demo_contig_1	strain2
T3	T3|strain2|0001107	demo_contig_1	strain2
T3	T3|strain2|0001189	demo_contig_1	strain2
T3	T3|strain2|0001245	demo_contig_1	strain2
T3	T3|strain2|0001250	demo_contig_1	strain2
T3	T3|strain2|0001259	demo_contig_1	strain2
T3	T3|strain2|0001390	demo_contig_1	strain2
T3	T3|strain2|0001419	demo_contig_1	strain2
T3	T3|strain2|0001495	demo_contig_1	strain2
T3	T3|strain2|0001589	demo_contig_1	strain2
T3	T3|strain2|0001642	demo_contig_1	strain2
T3	T3|strain2|0001721	demo_contig_1	strain2
T3	T3|strain2|0001756	demo_contig_1	strain2
T3	T3|strain2|0001807	demo_contig_1	strain2
T3	T3|strain2|0002074	demo_contig_1	strain2
T3	T3|strain2|0002095	demo_contig_1	strain2
T3	T3|strain2|0002193	demo_contig_1	strain2
T3	T3|strain2|0002224	demo_contig_1	strain2
T3	T3|strain2|0002248	demo_contig_1	strain2
T3	T3|strain2|0002275	demo_contig_1	strain2
T3	T3|strain2|0002280	demo_contig_1	strain2
T3	T3|strain2|0002363	demo_contig_1	strain2
T3	T3|strain2|0002424	demo_contig_1	strain2
T3	T3|strain2|0002556	demo_contig_1	strain2
T3	T3|strain2|0002572	demo_contig_1	strain2
T3	T3|strain2|0002590	demo_contig_1	strain2
T3	T3|strain2|0002632	demo_contig_1	strain2
T3	T3|strain2|0002679	demo_contig_1	strain2
T3	T3|strain2|0002710	demo_contig_1	strain2
T3	T3|strain2|0002768	demo_contig_1	strain2
T3	T3|strain2|0002797	demo_contig_1	strain2
T3	T3|strain2|0002847	demo_contig_1	strain2
T3	T3|strain2|0002856	demo_contig_1	strain2
T3	T3|strain2|0002910	demo_contig_1	strain2
T3	T3|strain2|0002941	demo_contig_1	strain2
T3	T3|strain2|0002942	demo_contig_1	strain2
T3	T3|strain2|0002974	demo_contig_1	strain2
T3	T3|strain2|0002977	demo_contig_1	strain2
T3	T3|strain2|0003075	demo_contig_1	strain2
T3	T3|strain2|0003203	demo_contig_1	strain2
T3	T3|strain2|0003204	demo_contig_1	strain2
T3	T3|strain2|0003216	demo_contig_1	strain2
T3	T3|strain2|0003304	demo_contig_1	strain2
T3	T3|strain2|0003328	demo_contig_1	strain2
T3	T3|strain2|0003335	demo_contig_1	strain2
T3	T3|strain2|0003499	demo_contig_1	strain2
T3	T3|strain2|0003658	demo_contig_1	strain2
T3	T3|strain2|0003703	demo_contig_1	strain2
T3	T3|strain2|0003813	demo_contig_1	strain2
T3	T3|strain2|0003844	demo_contig_1	strain2
T3	T3|strain2|0003853	demo_contig_1	strain2
T3	T3|strain2|0003907	demo_contig_1	strain2
T3	T3|strain2|0003908	demo_contig_1	strain2
T3	T3|strain2|0004112	demo_contig_1	strain2
T3	T3|strain2|0004125	demo_contig_1	strain2
T3	T3|strain2|0004185	demo_contig_1	strain2
T3	T3|strain2|0004266	demo_contig_1	strain2
T3	T3|strain2|0004424	demo_contig_1	strain2
T3	T3|strain2|0004512	demo_contig_1	strain2
T3	T3|strain2|0004538	demo_contig_1	strain2
T3	T3|strain2|0004570	demo_contig_1	strain2
T3	T3|strain2|0004792	demo_contig_1	strain2
T3	T3|strain2|0004801	demo_contig_1	strain2
T3	T3|strain2|0004958	demo_contig_1	strain2
T3	T3|strain2|0005085	demo_contig_1	strain2
T3	T3|strain2|0005087	demo_contig_1	strain2
T3	T3|strain2|0005211	demo_contig_1	strain2
T3	T3|strain2|0005274	demo_contig_1	strain2
T3	T3|strain2|0005385	demo_contig_1	strain2
T3	T3|strain2|0005393	demo_contig_1	strain2
T3	T3|strain2|0005646	demo_contig_1	strain2
T3	T3|strain2|0005675	demo_contig_1	strain2
T3	T3|strain2|0005773	demo_contig_1	strain2
T3	T3|strain2|0005812	demo_contig_1	strain2
T3	T3|strain2|0005849	demo_contig_1	strain2
T3	T3|strain2|0005884	demo_contig_1	strain2
T3	T3|strain2|0005889	demo_contig_1	strain2
T3	T3|strain2|0006001	demo_contig_1	strain2
T3	T3|strain2|0006159	demo_contig_1	strain2
T3	T3|strain2|0006178	demo_contig_1	strain2
T3	T3|strain2|0006218	demo_contig_1	strain2
T3	T3|strain2|0006241	demo_contig_1	strain2
T3	T3|strain2|0006276	demo_contig_1	strain2
T3	T3|strain2|0006480	demo_contig_1	strain2
T3	T3|strain2|0006493	demo_contig_1	strain2
T3	T3|strain2|0006497	demo_contig_1	strain2
T3	T3|strain2|0006505	demo_contig_1	strain2
T3	T3|strain2|0006514	demo_contig_1	strain2
T3	T3|strain2|0006762	demo_contig_1	strain2
T3	T3|strain2|0006810	demo_contig_1	strain2
T3	T3|strain2|0006838	demo_contig_1	strain2
T3	T3|strain2|0006888	demo_contig_1	strain2
T3	T3|strain2|0006961	demo_contig_1	strain2
T3	T3|strain2|0007037	demo_contig_1	strain2
T3	T3|strain2|0007068	demo_contig_1	strain2
T3	T3|strain2|0007096	demo_contig_1	strain2
T3	T3|strain2|0007101	demo_contig_1	strain2
T3	T3|strain2|0007129	demo_contig_1	strain2
T3	T3|strain2|0007202	demo_contig_1	strain2
T3	T3|strain2|0007234	demo_contig_1	strain2
T3	T3|strain2|0007247	demo_contig_1	strain2
T3	T3|strain2|0007348	demo_contig_1	strain2
T3	T3|strain2|0007404	demo_contig_1	strain2
T3	T3|strain2|0007555	demo_contig_1	strain2
T3	T3|strain2|0007582	demo_contig_1	strain2
T3	T3|strain2|0007584	demo_contig_1	strain2
T3	T3|strain2|0007596	demo_contig_1	strain2
T3	T3|strain2|0007732	demo_contig_1	strain2
T3	T3|strain2|0007786	demo_contig_1	strain2
T3	T3|strain2|0007794	demo_contig_1	strain2
T3	T3|strain2|0007864	demo_contig_1	strain2
T3	T3|strain2|0007870	demo_contig_1	strain2
T3	T3|strain2|0007940	demo_contig_1	strain2
T3	T3|strain2|0008079	demo_contig_1	strain2
T3	T3|strain2|0008157	demo_contig_1	strain2
T3	T3|strain2|0008187	demo_contig_1	strain2
T3	T3|strain2|0008247	demo_contig_1	strain2
T3	T3|strain2|0008305	demo_contig_1	strain2
T3	T3|strain2|0008348	demo_contig_1	strain2
T3	T3|strain2|0008398	demo_contig_1	strain2
T3	T3|strain2|0008483	demo_contig_1	strain2
T3	T3|strain2|0008490	demo_contig_1	strain2
T3	T3|strain2|0008570	demo_contig_1	strain2
T3	T3|strain2|0008682	demo_contig_1	strain2
T3	T3|strain2|0008770	demo_contig_1	strain2
T3	T3|strain2|0008819	demo_contig_1	strain2
T3	T3|strain2|0008887	demo_contig_1	strain2
T3	T3|strain2|0008946	demo_contig_1	strain2
T3	T3|strain2|0009144	demo_contig_1	strain2
T3	T3|strain2|0009158	demo_contig_1	strain2
T3	T3|strain2|0009321	demo_contig_1	strain2
T3	T3|strain2|0009362	demo_contig_1	strain2
T3	T3|strain2|0009484	demo_contig_1	strain2
T3	T3|strain2|0009532	demo_contig_1	strain2
T3	T3|strain2|0009538	demo_contig_1	strain2
T3	T3|strain2|0009550	demo_contig_1	strain2
T3	T3|strain2|0009618	demo_contig_1	strain2
T3	T3|strain2|0009671	demo_contig_1	strain2
T3	T3|strain2|0009814	demo_contig_1	strain2
T3	T3|strain2|0009876	demo_contig_1	strain2
T3	T3|strain2|0009890	demo_contig_1	strain2
T3	T3|strain2|0009899	demo_contig_1	strain2
T3	T3|strain2|0009910	demo_contig_1	strain2
T3	T3|strain2|0009927	demo_contig_1	strain2
T3	T3|strain2|0009936	demo_contig_1	strain2
T3	T3|strain2|0009973	demo_contig_1	strain2
T3	T3|strain2|0010007	demo_contig_1	strain2
T3	T3|strain2|0010011	demo_contig_1	strain2
T3	T3|strain2|0010017	demo_contig_1	strain2
T3	T3|strain2|0010031	demo_contig_1	strain2
T3	T3|strain2|0010095	demo_contig_1	strain2
T3	T3|strain2|0010120	demo_contig_1	strain2
T3	T3|strain2|0010177	demo_contig_1	strain2
T3	T3|strain2|0010187	demo_contig_1	strain2
T3	T3|strain2|0010219	demo_contig_1	strain2
T3	T3|strain2|0010303	demo_contig_1	strain2
T3	T3|strain2|0010478	demo_contig_1	strain2
T3	T3|strain2|0010517	demo_contig_1	strain2
T3	T3|strain2|0010585	demo_contig_1	strain2
T3	T3|strain2|0010803	demo_contig_1	strain2
T3	T3|strain2|0010830	demo_contig_1	strain2
T3	T3|strain2|0010864	demo_contig_1	strain2
T3	T3|strain2|0010878	demo_contig_1	strain2
T3	T3|strain2|0010996	demo_contig_1	strain2
T3	T3|strain2|0011039	demo_contig_1	strain2
T3	T3|strain2|0011094	demo_contig_1	strain2
T3	T3|strain2|0011237	demo_contig_1	strain2
T3	T3|strain2|0011358	demo_contig_1	strain2
T3	T3|strain2|0011414	demo_contig_1	strain2
T3	T3|strain2|0011460	demo_contig_1	strain2
T3	T3|strain2|0011474	demo_contig_1	strain2
T3	T3|strain2|0011506	demo_contig_1	strain2
T3	T3|strain2|0011644	demo_contig_1	strain2
T3	T3|strain2|0011693	demo_contig_1	strain2
T3	T3|strain2|0011721	demo_contig_1	strain2
T3	T3|strain2|0011784	demo_contig_1	strain2
T3	T3|strain2|0011826	demo_contig_1	strain2
T3	T3|strain2|0011961	demo_contig_1	strain2
T3	T3|strain2|0011974	demo_contig_1	strain2
T3	T3|strain2|0011977	demo_contig_1	strain2
T3	T3|strain2|0012010	demo_contig_1	strain2
T3	T3|strain2|0012037	demo_contig_1	strain2
T3	T3|strain2|0012114	demo_contig_1	strain2
T3	T3|strain2|0012247	demo_contig_1	strain2
T3	T3|strain2|0012304	demo_contig_1	strain2
T3	T3|strain2|0012449	demo_contig_1	strain2
T3	T3|strain2|0012472	demo_contig_1	strain2
T3	T3|strain2|0012648	demo_contig_1	strain2
T3	T3|strain2|0012771	demo_contig_1	strain2
T4	T4|strain1|0000171	demo_contig_1	strain1
T4	T4|strain1|0000172	demo_contig_1	strain1
T4	T4|strain1|0000188	demo_contig_1	strain1
T4	T4|strain1|0000246	demo_contig_1	strain1
T4	T4|strain1|0000254	demo_contig_1	strain1
T4	T4|strain1|0000329	demo_contig_1	strain1
T4	T4|strain1|0000339	demo_contig_1	strain1
T4	T4|strain1|0000349	demo_contig_1	strain1
T4	T4|strain1|0000381	demo_contig_1	strain1
T4	T4|strain1|0000397	demo_contig_1	strain1
T4	T4|strain1|0000498	demo_contig_1	strain1
T4	T4|strain1|0000520	demo_contig_1	strain1
T4	T4|strain1|0000537	demo_contig_1	strain1
T4	T4|strain1|0000555	demo_contig_1	strain1
T4	T4|strain1|0000565	demo_contig_1	strain1
T4	T4|strain1|0000566	demo_contig_1	strain1
T4	T4|strain1|0000718	demo_contig_1	strain1
T4	T4|strain1|0000864	demo_contig_1	strain1
T4	T4|strain1|0000900	demo_contig_1	strain1
T4	T4|strain1|0000920	demo_contig_1	strain1
T4	T4|strain1|0000932	demo_contig_1	strain1
T4	T4|strain1|0000974	demo_contig_1	strain1
T4	T4|strain1|0000983	demo_contig_1	strain1
T4	T4|strain1|0001009	demo_contig_1	strain1
T4	T4|strain1|0001307	demo_contig_1	strain1
T4	T4|strain1|0001399	demo_contig_1	strain1
T4	T4|strain1|0001458	demo_contig_1	strain1
T4	T4|strain1|0001551	demo_contig_1	strain1
T4	T4|strain1|0001602	demo_contig_1	strain1
T4	T4|strain1|0001659	demo_contig_1	strain1
T4	T4|strain1|0001664	demo_contig_1	strain1
T4	T4|strain1|0001990	demo_contig_1	strain1
T4	T4|strain1|0002052	demo_contig_1	strain1
T4	T4|strain1|0002080	demo_contig_1	strain1
T4	T4|strain1|0002110	demo_contig_1	strain1
T4	T4|strain1|0002155	demo_contig_1	strain1
T4	T4|strain1|0002430	demo_contig_1	strain1
T4	T4|strain1|0002461	demo_contig_1	strain1
T4	T4|strain1|0002526	demo_contig_1	strain1
T4	T4|strain1|0002542	demo_contig_1	strain1
T4	T4|strain1|0002556	demo_contig_1	strain1
T4	T4|strain1|0002589	demo_contig_1	strain1
T4	T4|strain1|0002665	demo_contig_1	strain1
T4	T4|strain1|0002673	demo_contig_1	strain1
T4	T4|strain1|0002757	demo_contig_1	strain1
T4	T4|strain1|0002789	demo_contig_1	strain1
T4	T4|strain1|0002793	demo_contig_1	strain1
T4	T4|strain1|0002930	demo_contig_1	strain1
T4	T4|strain1|0002940	demo_contig_1	strain1
T4	T4|strain1|0002946	demo_contig_1	strain1
T4	T4|strain1|0003053	demo_contig_1	strain1
T4	T4|strain1|0003160	demo_contig_1	strain1
T4	T4|strain1|0003221	demo_contig_1	strain1
T4	T4|strain1|0003237	demo_contig_1	strain1
T4	T4|strain1|0003274	demo_contig_1	strain1
T4	T4|strain1|0003279	demo_contig_1	strain1
T4	T4|strain1|0003296	demo_contig_1	strain1
T4	T4|strain1|0003307	demo_contig_1	strain1
T4	T4|strain1|0003321	demo_contig_1	strain1
T4	T4|strain1|0003329	demo_contig_1	strain1
T4	T4|strain1|0003407	demo_contig_1	strain1
T4	T4|strain1|0003474	demo_contig_1	strain1
T4	T4|strain1|0003529	demo_contig_1	strain1
T4	T4|strain1|0003641	demo_contig_1	strain1
T4	T4|strain1|0003654	demo_contig_1	strain1
T4	T4|strain1|0003676	demo_contig_1	strain1
T4	T4|strain1|0003838	demo_contig_1	strain1
T4	T4|strain1|0003920	demo_contig_1	strain1
T4	T4|strain1|0003926	demo_contig_1	strain1
T4	T4|strain1|0003965	demo_contig_1	strain1
T4	T4|strain1|0004016	demo_contig_1	strain1
T4	T4|strain1|0004018	demo_contig_1	strain1
T4	T4|strain1|0004135	demo_contig_1	strain1
T4	T4|strain1|0004155	demo_contig_1	strain1
T4	T4|strain1|0004309	demo_contig_1	strain1
T4	T4|strain1|0004361	demo_contig_1	strain1
T4	T4|strain1|0004385	demo_contig_1	strain1
T4	T4|strain1|0004479	demo_contig_1	strain1
T4	T4|strain1|0004564	demo_contig_1	strain1
T4	T4|strain1|0004707	demo_contig_1	strain1
T4	T4|strain1|0004851	demo_contig_1	strain1
T4	T4|strain1|0004914	demo_contig_1	strain1
T4	T4|strain1|0004948	demo_contig_1	strain1
T4	T4|strain1|0004970	demo_contig_1	strain1
T4	T4|strain1|0005077	demo_contig_1	strain1
T4	T4|strain1|0005093	demo_contig_1	strain1
T4	T4|strain1|0005168	demo_contig_1	strain1
T4	T4|strain1|0005226	demo_contig_1	strain1
T4	T4|strain1|0005262	demo_contig_1	strain1
T4	T4|strain1|0005263	demo_contig_1	strain1
T4	T4|strain1|0005474	demo_contig_1	strain1
T4	T4|strain1|0005565	demo_contig_1	strain1
T4	T4|strain1|0005612	demo_contig_1	strain1
T4	T4|strain1|0005634	demo_contig_1	strain1
T4	T4|strain1|0005657	demo_contig_1	strain1
T4	T4|strain1|0005743	demo_contig_1	strain1
T4	T4|strain1|0005780	demo_contig_1	strain1
T4	T4|strain1|0005844	demo_contig_1	strain1
T4	T4|strain1|0005867	demo_contig_1	strain1
T4	T4|strain1|0005881	demo_contig_1	strain1
T4	T4|strain1|0005936	demo_contig_1	strain1
T4	T4|strain1|0006026	demo_contig_1	strain1
T4	T4|strain1|0006067	demo_contig_1	strain1
T4	T4|strain1|0006179	demo_contig_1	strain1
T4	T4|strain1|0006249	demo_contig_1	strain1
T4	T4|strain1|0006364	demo_contig_1	strain1
T4	T4|strain1|0006397	demo_contig_1	strain1
T4	T4|strain1|0006427	demo_contig_1	strain1
T4	T4|strain1|0006574	demo_contig_1	strain1
T4	T4|strain1|0006654	demo_contig_1	strain1
T4	T4|strain1|0006657	demo_contig_1	strain1
T4	T4|strain1|0006745	demo_contig_1	strain1
T4	T4|strain1|0006752	demo_contig_1	strain1
T4	T4|strain1|0006766	demo_contig_1	strain1
T4	T4|strain1|0006894	demo_contig_1	strain1
T4	T4|strain1|0007000	demo_contig_1	strain1
T4	T4|strain1|0007036	demo_contig_1	strain1
T4	T4|strain1|0007037	demo_contig_1	strain1
T4	T4|strain1|0007066	demo_contig_1	strain1
T4	T4|strain1|0007177	demo_contig_1	strain1
T4	T4|strain1|0007335	demo_contig_1	strain1
T4	T4|strain1|0007386	demo_contig_1	strain1
T4	T4|strain1|0007486	demo_contig_1	strain1
T4	T4|strain1|0007523	demo_contig_1	strain1
T4	T4|strain1|0007596	demo_contig_1	strain1
T4	T4|strain1|0007694	demo_contig_1	strain1
T4	T4|strain1|0007726	demo_contig_1	strain1
T4	T4|strain1|0007871	demo_contig_1	strain1
T4	T4|strain1|0007941	demo_contig_1	strain1
T4	T4|strain1|0008029	demo_contig_1	strain1
T4	T4|strain1|0008035	demo_contig_1	strain1
T4	T4|strain1|0008060	demo_contig_1	strain1
T4	T4|strain1|0008101	demo_contig_1	strain1
T4	T4|strain1|0008148	demo_contig_1	strain1
T4	T4|strain1|0008160	demo_contig_1	strain1
T4	T4|strain1|0008172	demo_contig_1	strain1
T4	T4|strain1|0008299	demo_contig_1	strain1
T4	T4|strain1|0008484	demo_contig_1	strain1
T4	T4|strain1|0008488	demo_contig_1	strain1
T4	T4|strain1|0008543	demo_contig_1	strain1
T4	T4|strain1|0008572	demo_contig_1	strain1
T4	T4|strain1|0008585	demo_contig_1	strain1
T4	T4|strain1|0008671	demo_contig_1	strain1
T4	T4|strain1|0008738	demo_contig_1	strain1
T4	T4|strain1|0008864	demo_contig_1	strain1
T4	T4|strain1|0008908	demo_contig_1	strain1
T4	T4|strain1|0008955	demo_contig_1	strain1
T4	T4|strain1|0009057	demo_contig_1	strain1
T4	T4|strain1|0009130	demo_contig_1	strain1
T4	T4|strain1|0009214	demo_contig_1	strain1
T4	T4|strain1|0009244	demo_contig_1	strain1
T4	T4|strain1|0009302	demo_contig_1	strain1
T4	T4|strain1|0009350	demo_contig_1	strain1
T4	T4|strain1|0009373	demo_contig_1	strain1
T4	T4|strain1|0009449	demo_contig_1	strain1
T4	T4|strain1|0009521	demo_contig_1	strain1
T4	T4|strain1|0009527	demo_contig_1	strain1
T4	T4|strain1|0009565	demo_contig_1	strain1
T4	T4|strain1|0009567	demo_contig_1	strain1
T4	T4|strain1|0009582	demo_contig_1	strain1
T4	T4|strain1|0009590	demo_contig_1	strain1
T4	T4|strain1|0009594	demo_contig_1	strain1
T4	T4|strain1|0009714	demo_contig_1	strain1
T4	T4|strain1|0009715	demo_contig_1	strain1
T4	T4|strain1|0009716	demo_contig_1	strain1
T4	T4|strain1|0009758	demo_contig_1	strain1
T4	T4|strain1|0009779	demo_contig_1	strain1
T4	T4|strain1|0009796	demo_contig_1	strain1
T4	T4|strain1|0009902	demo_contig_1	strain1
T4	T4|strain1|0009925	demo_contig_1	strain1
T4	T4|strain1|0009948	demo_contig_1	strain1
T4	T4|strain1|0009962	demo_contig_1	strain1
T4	T4|strain1|0009967	demo_contig_1	strain1
T4	T4|strain1|0010157	demo_contig_1	strain1
T4	T4|strain1|0010228	demo_contig_1	strain1
T4	T4|strain1|0010236	demo_contig_1	strain1
T4	T4|strain1|0010309	demo_contig_1	strain1
T4	T4|strain1|0010389	demo_contig_1	strain1
T4	T4|strain1|0010439	demo_contig_1	strain1
T4	T4|strain1|0010441	demo_contig_1	strain1
T4	T4|strain1|0010508	demo_contig_1	strain1
T4	T4|strain1|0010532	demo_contig_1	strain1
T4	T4|strain1|0010560	demo_contig_1	strain1
T4	T4|strain1|0010719	demo_contig_1	strain1
T4	T4|strain1|0010746	demo_contig_1	strain1
T4	T4|strain1|0010863	demo_contig_1	strain1
T4	T4|strain1|0010872	demo_contig_1	strain1
T4	T4|strain1|0011156	demo_contig_1	strain1
T4	T4|strain1|0011462	demo_contig_1	strain1
T4	T4|strain1|0011538	demo_contig_1	strain1
T4	T4|strain1|0011543	demo_contig_1	strain1
T4	T4|strain1|0011571	demo_contig_1	strain1
T4	T4|strain1|0011622	demo_contig_1	strain1
T4	T4|strain1|0011672	demo_contig_1	strain1
T4	T4|strain1|0011688	demo_contig_1	strain1
T4	T4|strain1|0011712	demo_contig_1	strain1
T4	T4|strain1|0011727	demo_contig_1	strain1
T4	T4|strain1|0011845	demo_contig_1	strain1
T4	T4|strain1|0011935	demo_contig_1	strain1
T4	T4|strain1|0011956	demo_contig_1	strain1
T4	T4|strain1|0011975	demo_contig_1	strain1
T4	T4|strain1|0012053	demo_contig_1	strain1
T4	T4|strain1|0012054	demo_contig_1	strain1
T4	T4|strain1|0012083	demo_contig_1	strain1
T4	T4|strain1|0012186	demo_contig_1	strain1
T4	T4|strain1|0012194	demo_contig_1	strain1
T4	T4|strain1|0012230	demo_contig_1	strain1
T4	T4|strain1|0012368	demo_contig_1	strain1
T4	T4|strain1|0012444	demo_contig_1	strain1
T4	T4|strain1|0012617	demo_contig_1	strain1
T4	T4|strain1|0012657	demo_contig_1	strain1
T4	T4|strain1|0012789	demo_contig_1	strain1
T4	T4|strain1|0012850	demo_contig_1	strain1
T4	T4|strain1|0012865	demo_contig_1	strain1
T4	T4|strain1|0012897	demo_contig_1	strain1
T4	T4|strain1|0012952	demo_contig_1	strain1
T4	T4|strain1|0013011	demo_contig_1	strain1
T4	T4|strain1|0013019	demo_contig_1	strain1
T4	T4|strain1|0013036	demo_contig_1	strain1
T4	T4|strain1|0013098	demo_contig_1	strain1
T4	T4|strain1|0013140	demo_contig_1	strain1
T4	T4|strain1|0013215	demo_contig_1	strain1
T4	T4|strain1|0013274	demo_contig_1	strain1
T4	T4|strain1|0013344	demo_contig_1	strain1
T4	T4|strain1|0013421	demo_contig_1	strain1
T4	T4|strain1|0013469	demo_contig_1	strain1
T4	T4|strain1|0013493	demo_contig_1	strain1
T4	T4|strain1|0013614	demo_contig_1	strain1
T4	T4|strain1|0013647	demo_contig_1	strain1
T4	T4|strain1|0013724	demo_contig_1	strain1
T4	T4|strain1|0013778	demo_contig_1	strain1
T4	T4|strain1|0013798	demo_contig_1	strain1
T4	T4|strain1|0013815	demo_contig_1	strain1
T4	T4|strain1|0013851	demo_contig_1	strain1
T4	T4|strain1|0013905	demo_contig_1	strain1
T4	T4|strain1|0013909	demo_contig_1	strain1
T4	T4|strain1|0013923	demo_contig_1	strain1
T4	T4|strain1|0013936	demo_contig_1	strain1
T4	T4|strain1|0013975	demo_contig_1	strain1
T4	T4|strain1|0014057	demo_contig_1	strain1
T4	T4|strain1|0014109	demo_contig_1	strain1
T4	T4|strain1|0014128	demo_contig_1	strain1
T4	T4|strain1|0014168	demo_contig_1	strain1
T4	T4|strain1|0014220	demo_contig_1	strain1
T4	T4|strain1|0014315	demo_contig_1	strain1
T4	T4|strain1|0014353	demo_contig_1	strain1
T4	T4|strain1|0014364	demo_contig_1	strain1
T4	T4|strain1|0014386	demo_contig_1	strain1
T4	T4|strain1|0014410	demo_contig_1	strain1
T4	T4|strain1|0014434	demo_contig_1	strain1
T4	T4|strain1|0014677	demo_contig_1	strain1
T4	T4|strain1|0014764	demo_contig_1	strain1
T4	T4|strain1|0014821	demo_contig_1	strain1
T4	T4|strain1|0014833	demo_contig_1	strain1
T4	T4|strain1|0014874	demo_contig_1	strain1
T4	T4|strain1|0014875	demo_contig_1	strain1
T4	T4|strain1|0015095	demo_contig_1	strain1
T4	T4|strain1|0015098	demo_contig_1	strain1
T4	T4|strain1|0015134	demo_contig_1	strain1
T4	T4|strain1|0015210	demo_contig_1	strain1
T4	T4|strain1|0015517	demo_contig_1	strain1
T4	T4|strain1|0015541	demo_contig_1	strain1
T4	T4|strain1|0015556	demo_contig_1	strain1
T4	T4|strain1|0015611	demo_contig_1	strain1
T4	T4|strain1|0015671	demo_contig_1	strain1
T4	T4|strain1|0015723	demo_contig_1	strain1
T4	T4|strain1|0015796	demo_contig_1	strain1
T4	T4|strain1|0015825	demo_contig_1	strain1
T4	T4|strain1|0015863	demo_contig_1	strain1
T4	T4|strain1|0015947	demo_contig_1	strain1
T4	T4|strain1|0015950	demo_contig_1	strain1
T4	T4|strain1|0016079	demo_contig_1	strain1
T4	T4|strain1|0016192	demo_contig_1	strain1
T4	T4|strain1|0016227	demo_contig_1	strain1
T4	T4|strain1|0016267	demo_contig_1	strain1
T4	T4|strain1|0016335	demo_contig_1	strain1
T4	T4|strain1|0016339	demo_contig_1	strain1
T4	T4|strain1|0016370	demo_contig_1	strain1
T4	T4|strain1|0016398	demo_contig_1	strain1
T4	T4|strain1|0016413	demo_contig_1	strain1
T4	T4|strain1|0016419	demo_contig_1	strain1
T4	T4|strain1|0016602	demo_contig_1	strain1
T4	T4|strain1|0016714	demo_contig_1	strain1
T4	T4|strain1|0016743	demo_contig_1	strain1
T4	T4|strain1|0016759	demo_contig_1	strain1
T4	T4|strain1|0016781	demo_contig_1	strain1
T4	T4|strain1|0016808	demo_contig_1	strain1
T4	T4|strain1|0016934	demo_contig_1	strain1
T4	T4|strain1|0016975	demo_contig_1	strain1
T4	T4|strain1|0016988	demo_contig_1	strain1
T4	T4|strain1|0017039	demo_contig_1	strain1
T4	T4|strain1|0017043	demo_contig_1	strain1
T4	T4|strain1|0017051	demo_contig_1	strain1
T4	T4|strain1|0017084	demo_contig_1	strain1
T4	T4|strain1|0017129	demo_contig_1	strain1
T4	T4|strain1|0017137	demo_contig_1	strain1
T4	T4|strain1|0017191	demo_contig_1	strain1
T4	T4|strain1|0017234	demo_contig_1	strain1
T4	T4|strain1|0017243	demo_contig_1	strain1
T4	T4|strain1|0017464	demo_contig_1	strain1
T4	T4|strain1|0017531	demo_contig_1	strain1
T4	T4|strain2|0000124	demo_contig_1	strain2
T4	T4|strain2|0000205	demo_contig_1	strain2
T4	T4|strain2|0000379	demo_contig_1	strain2
T4	T4|strain2|0000405	demo_contig_1	strain2
T4	T4|strain2|0000409	demo_contig_1	strain2
T4	T4|strain2|0000412	demo_contig_1	strain2
T4	T4|strain2|0000431	demo_contig_1	strain2
T4	T4|strain2|0000517	demo_contig_1	strain2
T4	T4|strain2|0000583	demo_contig_1	strain2
T4	T4|strain2|0000606	demo_contig_1	strain2
T4	T4|strain2|0000700	demo_contig_1	strain2
T4	T4|strain2|0000963	demo_contig_1	strain2
T4	T4|strain2|0001022	demo_contig_1	strain2
T4	T4|strain2|0001033	demo_contig_1	strain2
T4	T4|strain2|0001138	demo_contig_1	strain2
T4	T4|strain2|0001178	demo_contig_1	strain2
T4	T4|strain2|0001257	demo_contig_1	strain2
T4	T4|strain2|0001300	demo_contig_1	strain2
T4	T4|strain2|0001453	demo_contig_1	strain2
T4	T4|strain2|0001465	demo_contig_1	strain2
T4	T4|strain2|0001476	demo_contig_1	strain2
T4	T4|strain2|0001486	demo_contig_1	strain2
T4	T4|strain2|0001532	demo_contig_1	strain2
T4	T4|strain2|0001655	demo_contig_1	strain2
T4	T4|strain2|0001717	demo_contig_1	strain2
T4	T4|strain2|0001726	demo_contig_1	strain2
T4	T4|strain2|0001778	demo_contig_1	strain2
T5	T5|strain1|0000058	demo_contig_1	strain1
T5	T5|strain1|0000319	demo_contig_1	strain1
T5	T5|strain1|0000350	demo_contig_1	strain1
T5	T5|strain1|0000441	demo_contig_1	strain1
T5	T5|strain1|0000445	demo_contig_1	strain1
T5	T5|strain1|0000548	demo_contig_1	strain1
T5	T5|strain1|0000588	demo_contig_1	strain1
T5	T5|strain1|0000602	demo_contig_1	strain1
T5	T5|strain1|0000629	demo_contig_1	strain1
T5	T5|strain1|0000665	demo_contig_1	strain1
T5	T5|strain1|0000669	demo_contig_1	strain1
T5	T5|strain1|0000723	demo_contig_1	strain1
T5	T5|strain1|0000769	demo_contig_1	strain1
T5	T5|strain1|0000787	demo_contig_1	strain1
T5	T5|strain1|0000816	demo_contig_1	strain1
T5	T5|strain1|0000926	demo_contig_1	strain1
T5	T5|strain1|0001004	demo_contig_1	strain1
T5	T5|strain1|0001010	demo_contig_1	strain1
T5	T5|strain1|0001019	demo_contig_1	strain1
T5	T5|strain1|0001032	demo_contig_1	strain1
T5	T5|strain1|0001076	demo_contig_1	strain1
T5	T5|strain1|0001106	demo_contig_1	strain1
T5	T5|strain1|0001167	demo_contig_1	strain1
T5	T5|strain1|0001181	demo_contig_1	strain1
T5	T5|strain1|0001278	demo_contig_1	strain1
T5	T5|strain1|0001288	demo_contig_1	strain1
T5	T5|strain1|0001463	demo_contig_1	strain1
T5	T5|strain1|0001489	demo_contig_1	strain1
T5	T5|strain1|0001498	demo_contig_1	strain1
T5	T5|strain1|0001512	demo_contig_1	strain1
T5	T5|strain1|0001525	demo_contig_1	strain1
T5	T5|strain1|0001557	demo_contig_1	strain1
T5	T5|strain1|0001640	demo_contig_1	strain1
T5	T5|strain1|0001688	demo_contig_1	strain1
T5	T5|strain1|0001751	demo_contig_1	strain1
T5	T5|strain1|0001829	demo_contig_1	strain1
T5	T5|strain1|0001839	demo_contig_1	strain1
T5	T5|strain1|0001902	demo_contig_1	strain1
T5	T5|strain1|0001921	demo_contig_1	strain1
T5	T5|strain1|0002117	demo_contig_1	strain1
T5	T5|strain1|0002244	demo_contig_1	strain1
T5	T5|strain1|0002308	demo_contig_1	strain1
T5	T5|strain1|0002376	demo_contig_1	strain1
T5	T5|strain1|0002469	demo_contig_1	strain1
T5	T5|strain1|0002599	demo_contig_1	strain1
T5	T5|strain1|0002645	demo_contig_1	strain1
T5	T5|strain1|0002735	demo_contig_1	strain1
T5	T5|strain1|0002943	demo_contig_1	strain1
T5	T5|strain1|0002950	demo_contig_1	strain1
T5	T5|strain1|0002971	demo_contig_1	strain1
T5	T5|strain1|0002985	demo_contig_1	strain1
T5	T5|strain1|0002990	demo_contig_1	strain1
T5	T5|strain1|0003018	demo_contig_1	strain1
T5	T5|strain1|0003131	demo_contig_1	strain1
T5	T5|strain1|0003223	demo_contig_1	strain1
T5	T5|strain1|0003263	demo_contig_1	strain1
T5	T5|strain1|0003291	demo_contig_1	strain1
T5	T5|strain1|0003381	demo_contig_1	strain1
T5	T5|strain1|0003405	demo_contig_1	strain1
T5	T5|strain1|0003413	demo_contig_1	strain1
T5	T5|strain1|0003461	demo_contig_1	strain1
T5	T5|strain1|0003550	demo_contig_1	strain1
T5	T5|strain1|0003584	demo_contig_1	strain1
T5	T5|strain1|0003642	demo_contig_1	strain1
T5	T5|strain1|0003754	demo_contig_1	strain1
T5	T5|strain1|0003758	demo_contig_1	strain1
T5	T5|strain1|0003779	demo_contig_1	strain1
T5	T5|strain1|0003820	demo_contig_1	strain1
T5	T5|strain1|0003901	demo_contig_1	strain1
T5	T5|strain1|0003932	demo_contig_1	strain1
T5	T5|strain1|0003966	demo_contig_1	strain1
T5	T5|strain1|0004002	demo_contig_1	strain1
T5	T5|strain1|0004013	demo_contig_1	strain1
T5	T5|strain1|0004015	demo_contig_1	strain1
T5	T5|strain1|0004021	demo_contig_1	strain1
T5	T5|strain1|0004061	demo_contig_1	strain1
T5	T5|strain1|0004128	demo_contig_1	strain1
T5	T5|strain1|0004230	demo_contig_1	strain1
T5	T5|strain1|0004312	demo_contig_1	strain1
T5	T5|strain1|0004391	demo_contig_1	strain1
T5	T5|strain1|0004402	demo_contig_1	strain1
T5	T5|strain1|0004426	demo_contig_1	strain1
T5	T5|strain1|0004434	demo_contig_1	strain1
T5	T5|strain1|0004473	demo_contig_1	strain1
T5	T5|strain1|0004523	demo_contig_1	strain1
T5	T5|strain1|0004740	demo_contig_1	strain1
T5	T5|strain1|0004761	demo_contig_1	strain1
T5	T5|strain1|0004837	demo_contig_1	strain1
T5	T5|strain1|0004944	demo_contig_1	strain1
T5	T5|strain1|0004955	demo_contig_1	strain1
T5	T5|strain1|0004965	demo_contig_1	strain1
T5	T5|strain1|0004974	demo_contig_1	strain1
T5	T5|strain1|0004983	demo_contig_1	strain1
T5	T5|strain1|0004993	demo_contig_1	strain1
T5	T5|strain1|0005026	demo_contig_1	strain1
T5	T5|strain1|0005046	demo_contig_1	strain1
T5	T5|strain1|0005068	demo_contig_1	strain1
T5	T5|strain1|0005072	demo_contig_1	strain1
T5	T5|strain1|0005168	demo_contig_1	strain1
T5	T5|strain1|0005226	demo_contig_1	strain1
T5	T5|strain1|0005283	demo_contig_1	strain1
T5	T5|strain1|0005293	demo_contig_1	strain1
T5	T5|strain1|0005362	demo_contig_1	strain1
T5	T5|strain1|0005424	demo_contig_1	strain1
T5	T5|strain1|0005437	demo_contig_1	strain1
T5	T5|strain1|0005483	demo_contig_1	strain1
T5	T5|strain1|0005508	demo_contig_1	strain1
T5	T5|strain1|0005606	demo_contig_1	strain1
T5	T5|strain1|0005683	demo_contig_1	strain1
T5	T5|strain1|0005694	demo_contig_1	strain1
T5	T5|strain1|0005735	demo_contig_1	strain1
T5	T5|strain1|0005763	demo_contig_1	strain1
T5	T5|strain1|0005859	demo_contig_1	strain1
T5	T5|strain1|0005912	demo_contig_1	strain1
T5	T5|strain1|0005926	demo_contig_1	strain1
T5	T5|strain1|0005981	demo_contig_1	strain1
T5	T5|strain1|0005992	demo_contig_1	strain1
T5	T5|strain1|0005998	demo_contig_1	strain1
T5	T5|strain1|0006030	demo_contig_1	strain1
T5	T5|strain1|0006041	demo_contig_1	strain1
T5	T5|strain1|0006068	demo_contig_1	strain1
T5	T5|strain1|0006136	demo_contig_1	strain1
T5	T5|strain1|0006161	demo_contig_1	strain1
T5	T5|strain1|0006224	demo_contig_1	strain1
T5	T5|strain1|0006236	demo_contig_1	strain1
T5	T5|strain1|0006259	demo_contig_1	strain1
T5	T5|strain1|0006300	demo_contig_1	strain1
T5	T5|strain1|0006351	demo_contig_1	strain1
T5	T5|strain1|0006358	demo_contig_1	strain1
T5	T5|strain1|0006372	demo_contig_1	strain1
T5	T5|strain1|0006421	demo_contig_1	strain1
T5	T5|strain1|0006478	demo_contig_1	strain1
T5	T5|strain1|0006585	demo_contig_1	strain1
T5	T5|strain1|0006632	demo_contig_1	strain1
T5	T5|strain1|0006658	demo_contig_1	strain1
T5	T5|strain1|0006745	demo_contig_1	strain1
T5	T5|strain1|0006855	demo_contig_1	strain1
T5	T5|strain1|0006968	demo_contig_1	strain1
T5	T5|strain1|0006976	demo_contig_1	strain1
T5	T5|strain1|0006999	demo_contig_1	strain1
T5	T5|strain1|0007012	demo_contig_1	strain1
T5	T5|strain1|0007051	demo_contig_1	strain1
T5	T5|strain1|0007151	demo_contig_1	strain1
T5	T5|strain1|0007165	demo_contig_1	strain1
T5	T5|strain1|0007185	demo_contig_1	strain1
T5	T5|strain1|0007207	demo_contig_1	strain1
T5	T5|strain1|0007355	demo_contig_1	strain1
T5	T5|strain1|0007381	demo_contig_1	strain1
T5	T5|strain1|0007394	demo_contig_1	strain1
T5	T5|strain1|0007407	demo_contig_1	strain1
T5	T5|strain1|0007599	demo_contig_1	strain1
T5	T5|strain1|0007614	demo_contig_1	strain1
T5	T5|strain1|0007618	demo_contig_1	strain1
T5	T5|strain1|0007639	demo_contig_1	strain1
T5	T5|strain1|0007698	demo_contig_1	strain1
T5	T5|strain1|0007699	demo_contig_1	strain1
T5	T5|strain1|0007749	demo_contig_1	strain1
T5	T5|strain1|0007849	demo_contig_1	strain1
T5	T5|strain1|0007896	demo_contig_1	strain1
T5	T5|strain1|0007919	demo_contig_1	strain1
T5	T5|strain1|0007990	demo_contig_1	strain1
T5	T5|strain1|0008027	demo_contig_1	strain1
T5	T5|strain1|0008095	demo_contig_1	strain1
T5	T5|strain1|0008110	demo_contig_1	strain1
T5	T5|strain1|0008118	demo_contig_1	strain1
T5	T5|strain1|0008341	demo_contig_1	strain1
T5	T5|strain1|0008505	demo_contig_1	strain1
T5	T5|strain1|0008533	demo_contig_1	strain1
T5	T5|strain1|0008535	demo_contig_1	strain1
T5	T5|strain1|0008678	demo_contig_1	strain1
T5	T5|strain1|0008717	demo_contig_1	strain1
T5	T5|strain1|0008745	demo_contig_1	strain1
T5	T5|strain1|0008819	demo_contig_1	strain1
T5	T5|strain1|0008869	demo_contig_1	strain1
T5	T5|strain1|0008921	demo_contig_1	strain1
T5	T5|strain1|0008923	demo_contig_1	strain1
T5	T5|strain1|0009102	demo_contig_1	strain1
T5	T5|strain1|0009107	demo_contig_1	strain1
T5	T5|strain1|0009133	demo_contig_1	strain1
T5	T5|strain1|0009141	demo_contig_1	strain1
T5	T5|strain1|0009146	demo_contig_1	strain1
T5	T5|strain1|0009186	demo_contig_1	strain1
T5	T5|strain1|0009270	demo_contig_1	strain1
T5	T5|strain1|0009291	demo_contig_1	strain1
T5	T5|strain1|0009298	demo_contig_1	strain1
T5	T5|strain1|0009323	demo_contig_1	strain1
T5	T5|strain1|0009338	demo_contig_1	strain1
T5	T5|strain1|0009388	demo_contig_1	strain1
T5	T5|strain1|0009439	demo_contig_1	strain1
T5	T5|strain1|0009451	demo_contig_1	strain1
T5	T5|strain1|0009495	demo_contig_1	strain1
T5	T5|strain1|0009508	demo_contig_1	strain1
T5	T5|strain1|0009535	demo_contig_1	strain1
T5	T5|strain1|0009579	demo_contig_1	strain1
T5	T5|strain1|0009724	demo_contig_1	strain1
T5	T5|strain1|0009771	demo_contig_1	strain1
T5	T5|strain1|0009820	demo_contig_1	strain1
T5	T5|strain1|0009826	demo_contig_1	strain1
T5	T5|strain1|0009842	demo_contig_1	strain1
T5	T5|strain1|0009893	demo_contig_1	strain1
T5	T5|strain1|0009959	demo_contig_1	strain1
T5	T5|strain1|0009972	demo_contig_1	strain1
T5	T5|strain1|0010018	demo_contig_1	strain1
T5	T5|strain1|0010041	demo_contig_1	strain1
T5	T5|strain1|0010107	demo_contig_1	strain1
T5	T5|strain1|0010132	demo_contig_1	strain1
T5	T5|strain1|0010170	demo_contig_1	strain1
T5	T5|strain1|0010255	demo_contig_1	strain1
T5	T5|strain1|0010379	demo_contig_1	strain1
T5	T5|strain1|0010501	demo_contig_1	strain1
T5	T5|strain1|0010584	demo_contig_1	strain1
T5	T5|strain1|0010767	demo_contig_1	strain1
T5	T5|strain1|0010950	demo_contig_1	strain1
T5	T5|strain1|0010961	demo_contig_1	strain1
T5	T5|strain1|0010974	demo_contig_1	strain1
T5	T5|strain1|0010987	demo_contig_1	strain1
T5	T5|strain1|0011031	demo_contig_1	strain1
T5	T5|strain1|0011034	demo_contig_1	strain1
T5	T5|strain1|0011035	demo_contig_1	strain1
T5	T5|strain1|0011110	demo_contig_1	strain1
T5	T5|strain1|0011148	demo_contig_1	strain1
T5	T5|strain1|0011176	demo_contig_1	strain1
T5	T5|strain1|0011212	demo_contig_1	strain1
T5	T5|strain1|0011245	demo_contig_1	strain1
T5	T5|strain1|0011440	demo_contig_1	strain1
T5	T5|strain1|0011631	demo_contig_1	strain1
T5	T5|strain1|0011676	demo_contig_1	strain1
T5	T5|strain1|0011771	demo_contig_1	strain1
T5	T5|strain1|0012055	demo_contig_1	strain1
T5	T5|strain1|0012139	demo_contig_1	strain1
T5	T5|strain1|0012159	demo_contig_1	strain1
T5	T5|strain1|0012189	demo_contig_1	strain1
T5	T5|strain1|0012259	demo_contig_1	strain1
T5	T5|strain1|0012407	demo_contig_1	strain1
T5	T5|strain1|0012477	demo_contig_1	strain1
T5	T5|strain1|0012502	demo_contig_1	strain1
T5	T5|strain1|0012661	demo_contig_1	strain1
T5	T5|strain1|0012878	demo_contig_1	strain1
T5	T5|strain1|0012879	demo_contig_1	strain1
T5	T5|strain1|0012928	demo_contig_1	strain1
T5	T5|strain1|0012982	demo_contig_1	strain1
T5	T5|strain1|0012984	demo_contig_1	strain1
T5	T5|strain1|0013120	demo_contig_1	strain1
T5	T5|strain1|0013218	demo_contig_1	strain1
T5	T5|strain1|0013232	demo_contig_1	strain1
T5	T5|strain1|0013289	demo_contig_1	strain1
T5	T5|strain1|0013356	demo_contig_1	strain1
T5	T5|strain1|0013395	demo_contig_1	strain1
T5	T5|strain1|0013397	demo_contig_1	strain1
T5	T5|strain1|0013427	demo_contig_1	strain1
T5	T5|strain1|0013448	demo_contig_1	strain1
T5	T5|strain1|0013455	demo_contig_1	strain1
T5	T5|strain1|0013458	demo_contig_1	strain1
T5	T5|strain1|0013474	demo_contig_1	strain1
T5	T5|strain1|0013522	demo_contig_1	strain1
T5	T5|strain1|0013529	demo_contig_1	strain1
T5	T5|strain1|0013540	demo_contig_1	strain1
T5	T5|strain1|0013618	demo_contig_1	strain1
T5	T5|strain1|0013625	demo_contig_1	strain1
T5	T5|strain1|0013660	demo_contig_1	strain1
T5	T5|strain1|0013676	demo_contig_1	strain1
T5	T5|strain1|0013696	demo_contig_1	strain1
T5	T5|strain1|0013754	demo_contig_1	strain1
T5	T5|strain1|0013778	demo_contig_1	strain1
T5	T5|strain1|0013830	demo_contig_1	strain1
T5	T5|strain1|0013950	demo_contig_1	strain1
T5	T5|strain1|0013978	demo_contig_1	strain1
T5	T5|strain1|0014018	demo_contig_1	strain1
T5	T5|strain1|0014069	demo_contig_1	strain1
T5	T5|strain1|0014093	demo_contig_1	strain1
T5	T5|strain1|0014118	demo_contig_1	strain1
T5	T5|strain1|0014127	demo_contig_1	strain1
T5	T5|strain1|0014241	demo_contig_1	strain1
T5	T5|strain1|0014254	demo_contig_1	strain1
T5	T5|strain1|0014280	demo_contig_1	strain1
T5	T5|strain1|0014308	demo_contig_1	strain1
T5	T5|strain1|0014312	demo_contig_1	strain1
T5	T5|strain1|0014383	demo_contig_1	strain1
T5	T5|strain1|0014471	demo_contig_1	strain1
T5	T5|strain1|0014483	demo_contig_1	strain1
T5	T5|strain1|0014489	demo_contig_1	strain1
T5	T5|strain1|0014507	demo_contig_1	strain1
T5	T5|strain1|0014526	demo_contig_1	strain1
T5	T5|strain1|0014529	demo_contig_1	strain1
T5	T5|strain1|0014590	demo_contig_1	strain1
T5	T5|strain1|0014612	demo_contig_1	strain1
T5	T5|strain1|0014630	demo_contig_1	strain1
T5	T5|strain1|0014716	demo_contig_1	strain1
T5	T5|strain1|0014734	demo_contig_1	strain1
T5	T5|strain1|0014748	demo_contig_1	strain1
T5	T5|strain1|0014763	demo_contig_1	strain1
T5	T5|strain1|0014785	demo_contig_1	strain1
T5	T5|strain1|0014888	demo_contig_1	strain1
T5	T5|strain1|0014935	demo_contig_1	strain1
T5	T5|strain1|0014966	demo_contig_1	strain1
T5	T5|strain1|0014985	demo_contig_1	strain1
T5	T5|strain1|0015004	demo_contig_1	strain1
T5	T5|strain1|0015044	demo_contig_1	strain1
T5	T5|strain1|0015048	demo_contig_1	strain1
T5	T5|strain1|0015230	demo_contig_1	strain1
T5	T5|strain1|0015245	demo_contig_1	strain1
T5	T5|strain1|0015304	demo_contig_1	strain1
T5	T5|strain1|0015329	demo_contig_1	strain1
T5	T5|strain1|0015336	demo_contig_1	strain1
T5	T5|strain1|0015386	demo_contig_1	strain1
T5	T5|strain1|0015539	demo_contig_1	strain1
T5	T5|strain1|0015566	demo_contig_1	strain1
T5	T5|strain1|0015679	demo_contig_1	strain1
T5	T5|strain1|0015680	demo_contig_1	strain1
T5	T5|strain1|0015713	demo_contig_1	strain1
T5	T5|strain1|0015714	demo_contig_1	strain1
T5	T5|strain1|0015851	demo_contig_1	strain1
T5	T5|strain1|0015867	demo_contig_1	strain1
T5	T5|strain1|0016030	demo_contig_1	strain1
T5	T5|strain1|0016043	demo_contig_1	strain1
T5	T5|strain1|0016215	demo_contig_1	strain1
T5	T5|strain1|0016405	demo_contig_1	strain1
T5	T5|strain1|0016458	demo_contig_1	strain1
T5	T5|strain1|0016466	demo_contig_1	strain1
T5	T5|strain1|0016504	demo_contig_1	strain1
T5	T5|strain1|0016543	demo_contig_1	strain1
T5	T5|strain1|0016548	demo_contig_1	strain1
T5	T5|strain1|0016564	demo_contig_1	strain1
T5	T5|strain1|0016684	demo_contig_1	strain1
T5	T5|strain1|0016695	demo_contig_1	strain1
T5	T5|strain1|0016733	demo_contig_1	strain1
T5	T5|strain1|0016753	demo_contig_1	strain1
T5	T5|strain1|0016818	demo_contig_1	strain1
T5	T5|strain1|0016837	demo_contig_1	strain1
T5	T5|strain1|0016946	demo_contig_1	strain1
T5	T5|strain1|0016959	demo_contig_1	strain1
T5	T5|strain1|0016966	demo_contig_1	strain1
T5	T5|strain1|0017099	demo_contig_1	strain1
T5	T5|strain1|0017110	demo_contig_1	strain1
T5	T5|strain1|0017150	demo_contig_1	strain1
T5	T5|strain1|0017159	demo_contig_1	strain1
T5	T5|strain1|0017227	demo_contig_1	strain1
T5	T5|strain1|0017245	demo_contig_1	strain1
T5	T5|strain1|0017357	demo_contig_1	strain1
T5	T5|strain1|0017491	demo_contig_1	strain1
T5	T5|strain1|0017520	demo_contig_1	strain1
T5	T5|strain1|0017551	demo_contig_1	strain1
T5	T5|strain1|0017698	demo_contig_1	strain1
T5	T5|strain1|0017736	demo_contig_1	strain1
T5	T5|strain1|0017867	demo_contig_1	strain1
T5	T5|strain1|0018017	demo_contig_1	strain1
T5	T5|strain1|0018051	demo_contig_1	strain1
T5	T5|strain1|0018158	demo_contig_1	strain1
T5	T5|strain1|0018204	demo_contig_1	strain1
T5	T5|strain1|0018309	demo_contig_1	strain1
T5	T5|strain1|0018338	demo_contig_1	strain1
T5	T5|strain1|0018381	demo_contig_1	strain1
T5	T5|strain1|0018572	demo_contig_1	strain1
T5	T5|strain1|0018612	demo_contig_1	strain1
T5	T5|strain1|0018631	demo_contig_1	strain1
T5	T5|strain1|0018755	demo_contig_1	strain1
T5	T5|strain1|0018786	demo_contig_1	strain1
T5	T5|strain1|0018907	demo_contig_1	strain1
T5	T5|strain1|0018964	demo_contig_1	strain1
T5	T5|strain1|0018972	demo_contig_1	strain1
T5	T5|strain1|0019054	demo_contig_1	strain1
T5	T5|strain2|0000035	demo_contig_1	strain2
T5	T5|strain2|0000050	demo_contig_1	strain2
T5	T5|strain2|0000256	demo_contig_1	strain2
T6	T6|strain1|0000002	demo_contig_1	strain1
T6	T6|strain1|0000092	demo_contig_1	strain1
T6	T6|strain1|0000120	demo_contig_1	strain1
T6	T6|strain1|0000145	demo_contig_1	strain1
T6	T6|strain1|0000146	demo_contig_1	strain1
T6	T6|strain1|0000155	demo_contig_1	strain1
T6	T6|strain1|0000275	demo_contig_1	strain1
T6	T6|strain1|0000326	demo_contig_1	strain1
T6	T6|strain1|0000350	demo_contig_1	strain1
T6	T6|strain1|0000357	demo_contig_1	strain1
T6	T6|strain1|0000407	demo_contig_1	strain1
T6	T6|strain1|0000482	demo_contig_1	strain1
T6	T6|strain1|0000497	demo_contig_1	strain1
T6	T6|strain1|0000560	demo_contig_1	strain1
T6	T6|strain1|0000579	demo_contig_1	strain1
T6	T6|strain1|0000611	demo_contig_1	strain1
T6	T6|strain1|0000777	demo_contig_1	strain1
T6	T6|strain1|0000782	demo_contig_1	strain1
T6	T6|strain1|0000839	demo_contig_1	strain1
T6	T6|strain1|0000879	demo_contig_1	strain1
T6	T6|strain1|0000937	demo_contig_1	strain1
T6	T6|strain1|0001016	demo_contig_1	strain1
T6	T6|strain1|0001071	demo_contig_1	strain1
T6	T6|strain1|0001103	demo_contig_1	strain1
T6	T6|strain1|0001137	demo_contig_1	strain1
T6	T6|strain1|0001309	demo_contig_1	strain1
T6	T6|strain1|0001321	demo_contig_1	strain1
T6	T6|strain1|0001374	demo_contig_1	strain1
T6	T6|strain1|0001440	demo_contig_1	strain1
T6	T6|strain1|0001461	demo_contig_1	strain1
T6	T6|strain1|0001705	demo_contig_1	strain1
T6	T6|strain1|0001765	demo_contig_1	strain1
T6	T6|strain1|0001825	demo_contig_1	strain1
T6	T6|strain1|0001911	demo_contig_1	strain1
T6	T6|strain1|0001917	demo_contig_1	strain1
T6	T6|strain1|0001944	demo_contig_1	strain1
T6	T6|strain1|0002095	demo_contig_1	strain1
T6	T6|strain1|0002103	demo_contig_1	strain1
T6	T6|strain1|0002224	demo_contig_1	strain1
T6	T6|strain1|0002247	demo_contig_1	strain1
T6	T6|strain1|0002280	demo_contig_1	strain1
T6	T6|strain1|0002287	demo_contig_1	strain1
T6	T6|strain1|0002467	demo_contig_1	strain1
T6	T6|strain1|0002588	demo_contig_1	strain1
T6	T6|strain1|0002674	demo_contig_1	strain1
T6	T6|strain1|0002841	demo_contig_1	strain1
T6	T6|strain1|0002973	demo_contig_1	strain1
T6	T6|strain1|0002976	demo_contig_1	strain1
T6	T6|strain1|0003030	demo_contig_1	strain1
T6	T6|strain1|0003142	demo_contig_1	strain1
T6	T6|strain1|0003193	demo_contig_1	strain1
T6	T6|strain1|0003206	demo_contig_1	strain1
T6	T6|strain1|0003263	demo_contig_1	strain1
T6	T6|strain1|0003285	demo_contig_1	strain1
T6	T6|strain1|0003343	demo_contig_1	strain1
T6	T6|strain1|0003361	demo_contig_1	strain1
T6	T6|strain1|0003377	demo_contig_1	strain1
T6	T6|strain1|0003489	demo_contig_1	strain1
T6	T6|strain1|0003499	demo_contig_1	strain1
T6	T6|strain1|0003552	demo_contig_1	strain1
T6	T6|strain1|0003556	demo_contig_1	strain1
T6	T6|strain1|0003581	demo_contig_1	strain1
T6	T6|strain1|0003676	demo_contig_1	strain1
T6	T6|strain1|0003699	demo_contig_1	strain1
T6	T6|strain1|0003732	demo_contig_1	strain1
T6	T6|strain1|0003919	demo_contig_1	strain1
T6	T6|strain1|0003953	demo_contig_1	strain1
T6	T6|strain1|0003969	demo_contig_1	strain1
T6	T6|strain1|0004007	demo_contig_1	strain1
T6	T6|strain1|0004047	demo_contig_1	strain1
T6	T6|strain1|0004084	demo_contig_1	strain1
T6	T6|strain1|0004092	demo_contig_1	strain1
T6	T6|strain1|0004206	demo_contig_1	strain1
T6	T6|strain1|0004218	demo_contig_1	strain1
T6	T6|strain1|0004342	demo_contig_1	strain1
T6	T6|strain1|0004352	demo_contig_1	strain1
T6	T6|strain1|0004354	demo_contig_1	strain1
T6	T6|strain1|0004437	demo_contig_1	strain1
T6	T6|strain1|0004572	demo_contig_1	strain1
T6	T6|strain1|0004576	demo_contig_1	strain1
T6	T6|strain1|0004581	demo_contig_1	strain1
T6	T6|strain1|0004582	demo_contig_1	strain1
T6	T6|strain1|0004665	demo_contig_1	strain1
T6	T6|strain1|0004679	demo_contig_1	strain1
T6	T6|strain1|0004687	demo_contig_1	strain1
T6	T6|strain1|0004722	demo_contig_1	strain1
T6	T6|strain1|0004757	demo_contig_1	strain1
T6	T6|strain1|0004777	demo_contig_1	strain1
T6	T6|strain1|0004943	demo_contig_1	strain1
T6	T6|strain1|0004966	demo_contig_1	strain1
T6	T6|strain1|0005052	demo_contig_1	strain1
T6	T6|strain1|0005076	demo_contig_1	strain1
T6	T6|strain1|0005131	demo_contig_1	strain1
T6	T6|strain1|0005144	demo_contig_1	strain1
T6	T6|strain1|0005158	demo_contig_1	strain1
T6	T6|strain1|0005161	demo_contig_1	strain1
T6	T6|strain1|0005187	demo_contig_1	strain1
T6	T6|strain1|0005253	demo_contig_1	strain1
T6	T6|strain1|0005416	demo_contig_1	strain1
T6	T6|strain1|0005533	demo_contig_1	strain1
T6	T6|strain1|0005585	demo_contig_1	strain1
T6	T6|strain1|0005609	demo_contig_1	strain1
T6	T6|strain1|0005633	demo_contig_1	strain1
T6	T6|strain1|0005651	demo_contig_1	strain1
T6	T6|strain1|0005721	demo_contig_1	strain1
T6	T6|strain1|0005755	demo_contig_1	strain1
T6	T6|strain1|0005808	demo_contig_1	strain1
T6	T6|strain1|0005843	demo_contig_1	strain1
T6	T6|strain1|0005861	demo_contig_1	strain1
T6	T6|strain1|0005885	demo_contig_1	strain1
T6	T6|strain1|0005931	demo_contig_1	strain1
T6	T6|strain1|0006012	demo_contig_1	strain1
T6	T6|strain1|0006037	demo_contig_1	strain1
T6	T6|strain1|0006063	demo_contig_1	strain1
T6	T6|strain1|0006106	demo_contig_1	strain1
T6	T6|strain1|0006262	demo_contig_1	strain1
T6	T6|strain1|0006312	demo_contig_1	strain1
T6	T6|strain1|0006412	demo_contig_1	strain1
T6	T6|strain1|0006449	demo_contig_1	strain1
T6	T6|strain1|0006468	demo_contig_1	strain1
T6	T6|strain1|0006556	demo_contig_1	strain1
T6	T6|strain1|0006585	demo_contig_1	strain1
T6	T6|strain1|0006879	demo_contig_1	strain1
T6	T6|strain1|0006912	demo_contig_1	strain1
T6	T6|strain1|0006924	demo_contig_1	strain1
T6	T6|strain1|0006980	demo_contig_1	strain1
T6	T6|strain1|0007016	demo_contig_1	strain1
T6	T6|strain1|0007029	demo_contig_1	strain1
T6	T6|strain1|0007063	demo_contig_1	strain1
T6	T6|strain1|0007200	demo_contig_1	strain1
T6	T6|strain1|0007239	demo_contig_1	strain1
T6	T6|strain1|0007309	demo_contig_1	strain1
T6	T6|strain1|0007369	demo_contig_1	strain1
T6	T6|strain1|0007370	demo_contig_1	strain1
T6	T6|strain1|0007392	demo_contig_1	strain1
T6	T6|strain1|0007477	demo_contig_1	strain1
T6	T6|strain1|0007482	demo_contig_1	strain1
T6	T6|strain1|0007485	demo_contig_1	strain1
T6	T6|strain1|0007612	demo_contig_1	strain1
T6	T6|strain1|0007619	demo_contig_1	strain1
T6	T6|strain1|0007645	demo_contig_1	strain1
T6	T6|strain1|0007656	demo_contig_1	strain1
T6	T6|strain1|0007783	demo_contig_1	strain1
T6	T6|strain1|0007938	demo_contig_1	strain1
T6	T6|strain1|0007947	demo_contig_1	strain1
T6	T6|strain1|0007955	demo_contig_1	strain1
T6	T6|strain1|0008006	demo_contig_1	strain1
T6	T6|strain1|0008151	demo_contig_1	strain1
T6	T6|strain1|0008213	demo_contig_1	strain1
T6	T6|strain1|0008297	demo_contig_1	strain1
T6	T6|strain1|0008367	demo_contig_1	strain1
T6	T6|strain1|0008418	demo_contig_1	strain1
T6	T6|strain1|0008452	demo_contig_1	strain1
T6	T6|strain1|0008477	demo_contig_1	strain1
T6	T6|strain1|0008564	demo_contig_1	strain1
T6	T6|strain1|0008625	demo_contig_1	strain1
T6	T6|strain1|0008627	demo_contig_1	strain1
T6	T6|strain1|0008644	demo_contig_1	strain1
T6	T6|strain1|0008691	demo_contig_1	strain1
T6	T6|strain1|0008692	demo_contig_1	strain1
T6	T6|strain1|0008853	demo_contig_1	strain1
T6	T6|strain1|0008881	demo_contig_1	strain1
T6	T6|strain1|0009031	demo_contig_1	strain1
T6	T6|strain1|0009311	demo_contig_1	strain1
T6	T6|strain1|0009339	demo_contig_1	strain1
T6	T6|strain1|0009357	demo_contig_1	strain1
T6	T6|strain1|0009374	demo_contig_1	strain1
T6	T6|strain1|0009388	demo_contig_1	strain1
T6	T6|strain1|0009399	demo_contig_1	strain1
T6	T6|strain1|0009456	demo_contig_1	strain1
T6	T6|strain1|0009464	demo_contig_1	strain1
T6	T6|strain1|0009499	demo_contig_1	strain1
T6	T6|strain1|0009543	demo_contig_1	strain1
T6	T6|strain1|0009701	demo_contig_1	strain1
T6	T6|strain1|0009775	demo_contig_1	strain1
T6	T6|strain1|0009845	demo_contig_1	strain1
T6	T6|strain1|0009868	demo_contig_1	strain1
T6	T6|strain1|0009879	demo_contig_1	strain1
T6	T6|strain1|0009965	demo_contig_1	strain1
T6	T6|strain1|0010018	demo_contig_1	strain1
T6	T6|strain1|0010103	demo_contig_1	strain1
T6	T6|strain1|0010145	demo_contig_1	strain1
T6	T6|strain1|0010283	demo_contig_1	strain1
T6	T6|strain1|0010295	demo_contig_1	strain1
T6	T6|strain1|0010348	demo_contig_1	strain1
T6	T6|strain1|0010393	demo_contig_1	strain1
T6	T6|strain1|0010487	demo_contig_1	strain1
T6	T6|strain1|0010583	demo_contig_1	strain1
T6	T6|strain1|0010593	demo_contig_1	strain1
T6	T6|strain1|0010629	demo_contig_1	strain1
T6	T6|strain1|0010657	demo_contig_1	strain1
T6	T6|strain1|0010753	demo_contig_1	strain1
T6	T6|strain1|0010793	demo_contig_1	strain1
T6	T6|strain1|0010800	demo_contig_1	strain1
T6	T6|strain1|0010872	demo_contig_1	strain1
T6	T6|strain1|0010999	demo_contig_1	strain1
T6	T6|strain1|0011052	demo_contig_1	strain1
T6	T6|strain1|0011069	demo_contig_1	strain1
T6	T6|strain1|0011083	demo_contig_1	strain1
T6	T6|strain1|0011087	demo_contig_1	strain1
T6	T6|strain1|0011122	demo_contig_1	strain1
T6	T6|strain1|0011123	demo_contig_1	strain1
T6	T6|strain1|0011176	demo_contig_1	strain1
T6	T6|strain1|0011178	demo_contig_1	strain1
T6	T6|strain1|0011270	demo_contig_1	strain1
T6	T6|strain1|0011424	demo_contig_1	strain1
T6	T6|strain1|0011454	demo_contig_1	strain1
T6	T6|strain1|0011480	demo_contig_1	strain1
T6	T6|strain1|0011527	demo_contig_1	strain1
T6	T6|strain1|0011970	demo_contig_1	strain1
T6	T6|strain1|0012151	demo_contig_1	strain1
T6	T6|strain1|0012163	demo_contig_1	strain1
T6	T6|strain1|0012419	demo_contig_1	strain1
T6	T6|strain1|0012429	demo_contig_1	strain1
T6	T6|strain1|0012467	demo_contig_1	strain1
T6	T6|strain1|0012470	demo_contig_1	strain1
T6	T6|strain1|0012484	demo_contig_1	strain1
T6	T6|strain1|0012567	demo_contig_1	strain1
T6	T6|strain1|0012601	demo_contig_1	strain1
T6	T6|strain1|0012653	demo_contig_1	strain1
T6	T6|strain1|0012690	demo_contig_1	strain1
T6	T6|strain1|0012772	demo_contig_1	strain1
T6	T6|strain1|0012869	demo_contig_1	strain1
T6	T6|strain1|0012909	demo_contig_1	strain1
T6	T6|strain1|0012984	demo_contig_1	strain1
T6	T6|strain1|0013020	demo_contig_1	strain1
T6	T6|strain1|0013029	demo_contig_1	strain1
T6	T6|strain1|0013037	demo_contig_1	strain1
T6	T6|strain1|0013065	demo_contig_1	strain1
T6	T6|strain1|0013128	demo_contig_1	strain1
T6	T6|strain1|0013191	demo_contig_1	strain1
T6	T6|strain1|0013315	demo_contig_1	strain1
T6	T6|strain1|0013406	demo_contig_1	strain1
T6	T6|strain1|0013449	demo_contig_1	strain1
T6	T6|strain1|0013473	demo_contig_1	strain1
T6	T6|strain1|0013621	demo_contig_1	strain1
T6	T6|strain1|0013680	demo_contig_1	strain1
T6	T6|strain1|0013685	demo_contig_1	strain1
T6	T6|strain1|0013779	demo_contig_1	strain1
T6	T6|strain1|0013789	demo_contig_1	strain1
T6	T6|strain1|0013941	demo_contig_1	strain1
T6	T6|strain1|0013944	demo_contig_1	strain1
T6	T6|strain1|0013984	demo_contig_1	strain1
T6	T6|strain1|0014019	demo_contig_1	strain1
T6	T6|strain1|0014098	demo_contig_1	strain1
T6	T6|strain1|0014132	demo_contig_1	strain1
T6	T6|strain1|0014192	demo_contig_1	strain1
T6	T6|strain1|0014248	demo_contig_1	strain1
T6	T6|strain1|0014304	demo_contig_1	strain1
T6	T6|strain1|0014417	demo_contig_1	strain1
T6	T6|strain1|0014730	demo_contig_1	strain1
T6	T6|strain1|0014744	demo_contig_1	strain1
T6	T6|strain1|0014946	demo_contig_1	strain1
T6	T6|strain1|0014952	demo_contig_1	strain1
T6	T6|strain1|0015088	demo_contig_1	strain1
T6	T6|strain1|0015199	demo_contig_1	strain1
T6	T6|strain1|0015344	demo_contig_1	strain1
T6	T6|strain1|0015486	demo_contig_1	strain1
T6	T6|strain1|0015530	demo_contig_1	strain1
T6	T6|strain1|0015618	demo_contig_1	strain1
T6	T6|strain1|0015651	demo_contig_1	strain1
T6	T6|strain1|0015741	demo_contig_1	strain1
T6	T6|strain1|0015949	demo_contig_1	strain1
T6	T6|strain1|0016051	demo_contig_1	strain1
T6	T6|strain1|0016114	demo_contig_1	strain1
T6	T6|strain1|0016118	demo_contig_1	strain1
T6	T6|strain1|0016133	demo_contig_1	strain1
T6	T6|strain1|0016142	demo_contig_1	strain1
T6	T6|strain1|0016347	demo_contig_1	strain1
T6	T6|strain1|0016434	demo_contig_1	strain1
T6	T6|strain1|0016487	demo_contig_1	strain1
T6	T6|strain1|0016494	demo_contig_1	strain1
T6	T6|strain1|0016531	demo_contig_1	strain1
T6	T6|strain1|0016597	demo_contig_1	strain1
T6	T6|strain1|0016627	demo_contig_1	strain1
T6	T6|strain1|0016631	demo_contig_1	strain1
T6	T6|strain1|0016655	demo_contig_1	strain1
T6	T6|strain1|0016730	demo_contig_1	strain1
T6	T6|strain1|0016739	demo_contig_1	strain1
T6	T6|strain1|0016744	demo_contig_1	strain1
T6	T6|strain1|0016755	demo_contig_1	strain1
T6	T6|strain1|0016764	demo_contig_1	strain1
T6	T6|strain1|0016869	demo_contig_1	strain1
T6	T6|strain1|0016886	demo_contig_1	strain1
T6	T6|strain1|0016919	demo_contig_1	strain1
T6	T6|strain1|0016966	demo_contig_1	strain1
T6	T6|strain1|0017049	demo_contig_1	strain1
T6	T6|strain1|0017069	demo_contig_1	strain1
T6	T6|strain1|0017107	demo_contig_1	strain1
T6	T6|strain1|0017259	demo_contig_1	strain1
T6	T6|strain1|0017382	demo_contig_1	strain1
T6	T6|strain1|0017424	demo_contig_1	strain1
T6	T6|strain1|0017457	demo_contig_1	strain1
T6	T6|strain1|0017624	demo_contig_1	strain1
T6	T6|strain1|0017784	demo_contig_1	strain1
T6	T6|strain1|0017812	demo_contig_1	strain1
T6	T6|strain1|0017852	demo_contig_1	strain1
T6	T6|strain1|0017913	demo_contig_1	strain1
T6	T6|strain1|0017929	demo_contig_1	strain1
T6	T6|strain1|0017951	demo_contig_1	strain1
T6	T6|strain1|0018026	demo_contig_1	strain1
T6	T6|strain1|0018137	demo_contig_1	strain1
T6	T6|strain1|0018152	demo_contig_1	strain1
T6	T6|strain1|0018155	demo_contig_1	strain1
T6	T6|strain1|0018190	demo_contig_1	strain1
T6	T6|strain1|0018292	demo_contig_1	strain1
T6	T6|strain1|0018334	demo_contig_1	strain1
T6	T6|strain1|0018428	demo_contig_1	strain1
T6	T6|strain1|0018441	demo_contig_1	strain1
T6	T6|strain1|0018457	demo_contig_1	strain1
T6	T6|strain1|0018489	demo_contig_1	strain1
T6	T6|strain1|0018490	demo_contig_1	strain1
T6	T6|strain1|0018560	demo_contig_1	strain1
T6	T6|strain1|0018667	demo_contig_1	strain1
T6	T6|strain1|0018746	demo_contig_1	strain1
T6	T6|strain1|0018773	demo_contig_1	strain1
T6	T6|strain1|0018965	demo_contig_1	strain1
T6	T6|strain1|0019020	demo_contig_1	strain1
T6	T6|strain1|0019054	demo_contig_1	strain1
T6	T6|strain1|0019065	demo_contig_1	strain1
T6	T6|strain1|0019105	demo_contig_1	strain1
T6	T6|strain1|0019188	demo_contig_1	strain1
