contig	pos	ref	alt
demo_contig_1	112	C	T
demo_contig_1	496	T	G
demo_contig_1	586	C	T
demo_contig_1	1035	C	T
demo_contig_1	1748	A	G
demo_contig_1	1941	G	C
demo_contig_1	2089	G	A
demo_contig_1	2468	C	T
demo_contig_1	2649	G	A
demo_contig_1	2781	T	C
demo_contig_1	3161	T	A
demo_contig_1	3175	C	T
demo_contig_1	3351	A	G
demo_contig_1	3395	G	C
demo_contig_1	3626	T	C
demo_contig_1	3646	T	C
demo_contig_1	3871	C	T
demo_contig_1	3891	T	C
demo_contig_1	3954	C	G
demo_contig_1	4756	C	A
demo_contig_1	4953	T	A
demo_contig_1	5618	C	G
demo_contig_1	5711	G	A
demo_contig_1	5846	G	A
demo_contig_1	6230	A	C
demo_contig_1	6259	G	A
demo_contig_1	6294	C	T
demo_contig_1	6395	G	A
demo_contig_1	6495	C	T
demo_contig_1	7076	T	C
demo_contig_1	7157	T	C
demo_contig_1	7175	A	G
demo_contig_1	7277	C	A
demo_contig_1	7617	C	A
demo_contig_1	7820	A	T
demo_contig_1	7982	A	G
demo_contig_1	8213	C	T
demo_contig_1	8532	C	T
demo_contig_1	8549	C	T
demo_contig_1	8635	C	T
demo_contig_1	8947	A	C
demo_contig_1	9112	T	G
demo_contig_1	9903	A	G
demo_contig_1	10106	T	G
demo_contig_1	10223	A	G
demo_contig_1	10439	A	T
demo_contig_1	10793	G	A
demo_contig_1	11023	G	A
demo_contig_1	11135	A	T
demo_contig_1	11149	C	A
demo_contig_1	11282	G	A
demo_contig_1	11593	C	T
demo_contig_1	12162	A	G
demo_contig_1	12399	A	G
demo_contig_1	13003	T	G
demo_contig_1	13120	T	A
demo_contig_1	13244	T	A
demo_contig_1	13267	C	T
demo_contig_1	13272	G	T
demo_contig_1	13294	T	G
demo_contig_1	13297	G	A
demo_contig_1	13572	C	T
demo_contig_1	13586	C	G
demo_contig_1	13605	T	C
demo_contig_1	13629	T	G
demo_contig_1	13773	G	T
demo_contig_1	14328	C	A
demo_contig_1	14863	C	T
demo_contig_1	14945	G	A
demo_contig_1	15035	A	T
demo_contig_1	15038	T	G
demo_contig_1	15054	A	G
demo_contig_1	15239	A	T
demo_contig_1	15298	A	C
demo_contig_1	15424	T	G
demo_contig_1	15937	G	A
demo_contig_1	15958	G	A
demo_contig_1	16835	C	T
demo_contig_1	17602	C	T
demo_contig_1	17735	A	G
demo_contig_1	17743	T	A
demo_contig_1	17763	G	A
demo_contig_1	17790	T	C
demo_contig_1	18015	C	T
demo_contig_1	18187	T	C
demo_contig_1	18485	G	A
demo_contig_1	18552	C	T
demo_contig_1	18872	C	T
demo_contig_1	19422	G	C
demo_contig_1	19503	A	C
demo_contig_1	19577	T	C
demo_contig_1	19608	T	C
demo_contig_1	19919	C	T
demo_contig_1	20507	C	A
demo_contig_1	20595	C	T
demo_contig_1	20620	G	A
demo_contig_1	20711	T	C
demo_contig_1	21081	T	C
demo_contig_1	21262	C	T
demo_contig_1	21633	C	T
demo_contig_1	22374	G	A
demo_contig_1	22497	C	T
demo_contig_1	22810	G	T
demo_contig_1	23234	G	A
demo_contig_1	23397	T	C
demo_contig_1	23407	A	G
demo_contig_1	23533	G	A
demo_contig_1	23630	C	T
demo_contig_1	23687	T	C
demo_contig_1	23776	C	T
demo_contig_1	24103	T	C
demo_contig_1	24109	A	G
demo_contig_1	24116	G	C
demo_contig_1	24375	T	C
demo_contig_1	24597	G	T
demo_contig_1	24600	C	T
demo_contig_1	25289	G	A
demo_contig_1	25327	T	C
demo_contig_1	25749	A	T
demo_contig_1	26364	G	A
demo_contig_1	26618	T	C
demo_contig_1	26655	C	G
demo_contig_1	26933	G	A
demo_contig_1	27272	A	G
demo_contig_1	27274	G	A
demo_contig_1	27415	C	T
demo_contig_1	27436	G	A
demo_contig_1	27597	A	G
demo_contig_1	28378	T	G
demo_contig_1	29258	T	G
demo_contig_1	29279	T	C
demo_contig_1	29406	C	T
demo_contig_1	29534	A	G
demo_contig_1	29717	T	C
demo_contig_1	29977	A	T
demo_contig_1	30381	A	G
demo_contig_1	30758	A	G
demo_contig_1	31025	C	T
demo_contig_1	31043	T	C
demo_contig_1	31207	T	C
demo_contig_1	31296	C	T
demo_contig_1	31680	G	A
demo_contig_1	31925	T	C
demo_contig_1	32210	C	T
demo_contig_1	32481	C	A
demo_contig_1	32886	A	G
demo_contig_1	32891	T	G
demo_contig_1	33103	G	A
demo_contig_1	33249	G	A
demo_contig_1	33832	A	G
demo_contig_1	34361	T	C
demo_contig_1	34634	T	C
demo_contig_1	35000	C	T
demo_contig_1	35074	C	T
demo_contig_1	35262	T	G
demo_contig_1	35438	T	C
demo_contig_1	35870	C	T
demo_contig_1	36061	T	A
demo_contig_1	36148	G	A
demo_contig_1	36329	T	C
demo_contig_1	36363	T	C
demo_contig_1	36439	T	C
demo_contig_1	36461	G	A
demo_contig_1	36643	G	A
demo_contig_1	36756	G	A
demo_contig_1	36916	A	T
demo_contig_1	37001	T	A
demo_contig_1	37101	C	T
demo_contig_1	37153	C	T
demo_contig_1	37176	G	T
demo_contig_1	37558	A	G
demo_contig_1	37699	A	T
demo_contig_1	38437	A	T
demo_contig_1	38504	C	T
demo_contig_1	38513	G	T
demo_contig_1	38868	T	G
demo_contig_1	38996	C	T
demo_contig_1	39155	G	A
demo_contig_1	39669	T	C
demo_contig_1	39729	A	G
demo_contig_1	39766	A	G
demo_contig_1	39802	C	T
demo_contig_1	39868	T	C
demo_contig_1	40773	C	T
demo_contig_1	41411	C	A
demo_contig_1	41672	T	C
demo_contig_1	41811	T	C
demo_contig_1	41863	G	A
demo_contig_1	42178	T	C
demo_contig_1	42184	C	A
demo_contig_1	42287	G	A
demo_contig_1	42496	A	G
demo_contig_1	42853	G	C
demo_contig_1	42859	A	G
demo_contig_1	42864	T	A
demo_contig_1	42935	G	A
demo_contig_1	43334	T	A
demo_contig_1	43434	A	T
demo_contig_1	43851	T	A
demo_contig_1	44130	A	G
demo_contig_1	44164	G	A
demo_contig_1	44480	A	G
demo_contig_1	44490	T	C
demo_contig_1	44527	T	A
demo_contig_1	44933	G	A
demo_contig_1	44983	T	G
demo_contig_1	45212	C	T
demo_contig_1	45230	G	C
demo_contig_1	45537	C	T
demo_contig_1	45720	T	C
demo_contig_1	45778	T	C
demo_contig_1	45929	T	C
demo_contig_1	45951	C	G
demo_contig_1	46044	A	G
demo_contig_1	46695	A	G
demo_contig_1	46990	T	C
demo_contig_1	47017	T	C
demo_contig_1	47633	G	A
demo_contig_1	47885	T	C
demo_contig_1	48003	C	G
demo_contig_1	48204	G	C
demo_contig_1	48258	G	C
demo_contig_1	48330	A	G
demo_contig_1	48732	G	A
demo_contig_1	48786	C	T
demo_contig_1	49129	A	G
demo_contig_1	49392	T	A
demo_contig_1	49471	A	G
demo_contig_1	50396	C	T
demo_contig_1	50455	G	A
demo_contig_1	50459	A	G
demo_contig_1	51352	A	G
demo_contig_1	51499	T	C
demo_contig_1	51522	G	T
demo_contig_1	51955	T	C
demo_contig_1	52363	A	G
demo_contig_1	52504	T	C
demo_contig_1	52706	C	T
demo_contig_1	52929	A	G
demo_contig_1	53074	A	G
demo_contig_1	53113	A	G
demo_contig_1	53302	G	A
demo_contig_1	53387	C	T
demo_contig_1	53457	G	C
demo_contig_1	53498	A	G
demo_contig_1	53694	G	A
demo_contig_1	54331	G	A
demo_contig_1	55067	A	G
demo_contig_1	55333	C	A
demo_contig_1	55685	T	G
demo_contig_1	55879	A	G
demo_contig_1	55887	G	C
demo_contig_1	56009	T	C
demo_contig_1	56044	A	G
demo_contig_1	56384	T	C
demo_contig_1	56415	C	T
demo_contig_1	56607	G	C
demo_contig_1	57214	T	A
demo_contig_1	57268	G	A
demo_contig_1	57416	G	A
demo_contig_1	57631	C	G
demo_contig_1	57814	C	A
demo_contig_1	57887	T	C
demo_contig_1	58005	T	C
demo_contig_1	58160	T	C
demo_contig_1	58213	T	C
demo_contig_1	58918	A	G
demo_contig_1	59234	A	T
demo_contig_1	59302	C	G
demo_contig_1	59509	G	A
demo_contig_1	59588	T	C
demo_contig_1	59865	T	C
demo_contig_1	60013	C	A
demo_contig_1	60169	C	T
demo_contig_1	60902	G	T
demo_contig_1	60959	A	T
demo_contig_1	61220	T	C
demo_contig_1	61225	C	T
demo_contig_1	61251	T	C
demo_contig_1	61260	A	G
demo_contig_1	61303	T	C
demo_contig_1	61326	C	A
demo_contig_1	61346	T	G
demo_contig_1	61442	A	C
demo_contig_1	61562	C	T
demo_contig_1	61587	A	G
demo_contig_1	61746	A	C
demo_contig_1	62751	A	T
demo_contig_1	62806	A	G
demo_contig_1	63063	C	T
demo_contig_1	63115	C	T
demo_contig_1	63289	A	G
demo_contig_1	63334	G	A
demo_contig_1	63375	C	T
demo_contig_1	63755	A	G
demo_contig_1	63849	A	G
demo_contig_1	64035	C	T
demo_contig_1	64247	T	C
demo_contig_1	64501	G	A
demo_contig_1	64847	T	C
demo_contig_1	65291	C	A
demo_contig_1	65519	T	C
demo_contig_1	66193	G	A
demo_contig_1	66393	C	T
demo_contig_1	66703	A	G
demo_contig_1	66736	T	C
demo_contig_1	66739	C	T
demo_contig_1	67066	T	C
demo_contig_1	67204	A	G
demo_contig_1	67285	A	C
demo_contig_1	67443	G	A
demo_contig_1	67616	C	T
demo_contig_1	68748	T	C
demo_contig_1	69156	G	A
demo_contig_1	69481	C	T
demo_contig_1	69846	A	G
demo_contig_1	70416	A	T
demo_contig_1	70481	A	C
demo_contig_1	70484	T	G
demo_contig_1	70533	T	C
demo_contig_1	70574	A	T
demo_contig_1	70871	C	T
demo_contig_1	71122	A	C
demo_contig_1	71171	G	A
demo_contig_1	71368	T	A
demo_contig_1	71717	A	G
demo_contig_1	71818	A	C
demo_contig_1	71962	A	T
demo_contig_1	72156	T	C
demo_contig_1	72529	G	A
demo_contig_1	72790	C	T
demo_contig_1	73188	A	C
demo_contig_1	73193	A	G
demo_contig_1	73207	G	C
demo_contig_1	73241	C	T
demo_contig_1	73500	T	A
demo_contig_1	73841	C	T
demo_contig_1	74153	A	G
demo_contig_1	74183	A	C
demo_contig_1	74338	T	A
demo_contig_1	74435	A	C
demo_contig_1	74550	G	A
demo_contig_1	75030	A	G
demo_contig_1	75153	G	A
demo_contig_1	75206	C	G
demo_contig_1	75235	T	C
demo_contig_1	75667	A	T
demo_contig_1	75792	C	T
demo_contig_1	76085	T	C
demo_contig_1	76115	A	G
demo_contig_1	76351	T	C
demo_contig_1	76437	T	G
demo_contig_1	76448	T	A
demo_contig_1	76742	G	A
demo_contig_1	76975	G	A
demo_contig_1	76976	C	T
demo_contig_1	77405	T	C
demo_contig_1	77550	T	C
demo_contig_1	77853	G	A
demo_contig_1	78190	T	C
demo_contig_1	78868	A	G
demo_contig_1	79194	G	A
demo_contig_1	79802	G	A
demo_contig_1	79925	G	A
demo_contig_1	79995	G	A
demo_contig_1	80383	A	G
demo_contig_1	80875	A	G
demo_contig_1	81236	T	C
demo_contig_1	81252	C	T
demo_contig_1	81263	C	T
demo_contig_1	81824	A	T
demo_contig_1	82020	G	A
demo_contig_1	82077	T	A
demo_contig_1	82089	A	G
demo_contig_1	82195	G	A
demo_contig_1	82295	G	A
demo_contig_1	82381	A	T
demo_contig_1	82449	T	C
demo_contig_1	82483	G	A
demo_contig_1	82543	G	A
demo_contig_1	82665	T	C
demo_contig_1	82712	T	C
demo_contig_1	83022	A	T
demo_contig_1	83249	G	A
demo_contig_1	83435	T	C
demo_contig_1	83572	A	G
demo_contig_1	83577	G	A
demo_contig_1	83623	T	A
demo_contig_1	83664	G	A
demo_contig_1	83673	A	T
demo_contig_1	83770	G	T
demo_contig_1	83774	A	G
demo_contig_1	83826	T	C
demo_contig_1	83836	T	C
demo_contig_1	84159	T	A
demo_contig_1	84527	G	C
demo_contig_1	84538	G	C
demo_contig_1	84979	A	G
demo_contig_1	85034	T	C
demo_contig_1	85383	A	G
demo_contig_1	85420	C	T
demo_contig_1	85455	T	C
demo_contig_1	85559	G	A
demo_contig_1	85761	A	G
demo_contig_1	86331	T	A
demo_contig_1	86342	C	T
demo_contig_1	86608	C	G
demo_contig_1	86776	G	T
demo_contig_1	86938	G	A
demo_contig_1	87071	T	A
demo_contig_1	87080	T	A
demo_contig_1	87250	T	G
demo_contig_1	87299	T	C
demo_contig_1	87605	G	A
demo_contig_1	87754	G	A
demo_contig_1	87755	C	T
demo_contig_1	87976	C	T
demo_contig_1	88164	T	G
demo_contig_1	88366	A	G
demo_contig_1	89170	G	T
demo_contig_1	89246	A	G
demo_contig_1	89471	A	C
demo_contig_1	89551	C	T
demo_contig_1	89612	G	A
demo_contig_1	89676	A	G
demo_contig_1	89989	A	G
demo_contig_1	90033	G	A
demo_contig_1	90732	G	A
demo_contig_1	90884	C	T
demo_contig_1	91229	T	C
demo_contig_1	91431	G	A
demo_contig_1	91655	G	C
demo_contig_1	91965	C	T
demo_contig_1	92924	G	A
demo_contig_1	93162	T	G
demo_contig_1	93185	C	A
demo_contig_1	93329	T	C
demo_contig_1	93401	G	A
demo_contig_1	93744	G	A
demo_contig_1	93770	G	A
demo_contig_1	93821	A	G
demo_contig_1	94067	T	A
demo_contig_1	94172	T	A
demo_contig_1	94206	C	T
demo_contig_1	94618	A	G
demo_contig_1	94922	T	C
demo_contig_1	95244	C	T
demo_contig_1	95268	T	G
demo_contig_1	95458	C	T
demo_contig_1	95485	T	G
demo_contig_1	95493	T	C
demo_contig_1	95670	T	C
demo_contig_1	95938	A	G
demo_contig_1	95971	T	G
demo_contig_1	96213	T	C
demo_contig_1	96529	T	C
demo_contig_1	96669	A	C
demo_contig_1	96673	G	T
demo_contig_1	96788	G	C
demo_contig_1	96813	G	A
demo_contig_1	96938	T	C
demo_contig_1	96940	G	A
demo_contig_1	96955	T	C
demo_contig_1	96999	G	A
demo_contig_1	97334	G	C
demo_contig_1	97469	T	C
demo_contig_1	97730	T	C
demo_contig_1	97764	T	C
demo_contig_1	97768	T	C
demo_contig_1	97844	T	C
demo_contig_1	98113	T	G
demo_contig_1	98293	A	T
demo_contig_1	98523	G	T
demo_contig_1	98541	T	G
demo_contig_1	98666	T	C
demo_contig_1	98818	T	G
demo_contig_1	99146	A	C
demo_contig_1	99474	T	C
demo_contig_1	99951	T	C
